,SampleSiteCode,SampleID,Soil Wet Weight (g),Soil Dry Weight (g),Lab #,SiteID,"Whole sample wt, g",">2mm portion wt, g",SAND,SILT,CLAY,IGSN,Top sample depth_cm,Bottom sample depth_cm,Collection date,BD_tot g/cm3,"<2mm portion wt, g",BD_2mm g/cm3,BD_wet g/cm3,water content %vol,mineral density g/cm3,sand density g/cm3,silt density g/cm3,clay density g/cm3
0,001-ER18,001-ER18-SBD,79.69,69.26,91781.0,1.0,70.41,11.83,34.8,42.3,22.9,IER18012L,2.5,7.5,6/14/18,0.76,57.43,0.63,0.88,11.51,0.7,0.2,0.24,0.13
1,002-ER18,002-ER18-SBD,113.05,97.91,91782.0,2.0,99.07,22.08,36.4,39.5,24.1,IER18012M,2.5,7.5,6/14/18,1.08,75.83,0.84,1.25,16.71,1.02,0.28,0.31,0.19
2,003-ER18,003-ER18-SBD,106.93,92.86,91556.0,3.0,93.91,26.21,32.2,41.0,26.8,IER18012N,2.5,7.5,6/14/18,1.03,66.65,0.74,1.18,15.53,0.95,0.21,0.27,0.18
3,004-ER18,004-ER18-SBD,100.34,83.33,91783.0,4.0,84.74,2.22,29.9,40.9,29.2,IER18012P,2.5,7.5,6/14/18,0.92,81.11,0.9,1.11,18.78,0.84,0.24,0.33,0.24
4,005-ER18,005-ER18-SBD,115.94,97.82,91784.0,5.0,99.35,11.43,35.1,38.2,26.7,IER18012Q,2.5,7.5,6/14/18,1.08,86.39,0.95,1.28,20.0,1.01,0.31,0.34,0.23
5,006-ER18,006-ER18-SBD,98.85,87.14,91785.0,6.0,88.28,13.49,26.2,42.0,31.8,IER18012R,2.5,7.5,6/14/18,0.96,73.65,0.81,1.09,12.93,0.9,0.2,0.31,0.24
6,007-ER18,007-ER18-SBD,94.14,78.2,91786.0,7.0,75.78,10.7,21.1,49.6,29.3,IER18012S,2.5,7.5,6/14/18,0.86,67.5,0.75,1.04,17.6,0.79,0.14,0.34,0.2
7,008-ER18,008-ER18-SBD,109.31,93.57,91557.0,8.0,94.8,12.68,26.2,39.4,34.4,IER18012U,2.5,7.5,6/14/18,1.03,80.89,0.89,1.21,17.37,0.96,0.22,0.32,0.28
8,009-ER18,009-ER18-SBD,120.74,98.42,91558.0,9.0,99.64,12.08,9.5,54.7,35.8,IER18012X,2.5,7.5,6/14/18,1.09,86.34,0.95,1.33,24.64,1.01,0.08,0.48,0.31
9,010-ER18,010-ER18-SBD,124.48,110.52,91559.0,10.0,112.02,10.34,13.1,48.5,38.4,IER18012Y,2.5,7.5,6/15/18,1.22,100.18,1.11,1.37,15.41,1.15,0.14,0.5,0.4
10,011-ER18,011-ER18-SBD,110.98,94.08,91880.0,11.0,95.94,6.05,14.5,44.7,40.8,IER18012Z,2.5,7.5,6/15/18,1.04,88.03,0.97,1.23,18.66,0.95,0.13,0.4,0.36
11,012-ER18,012-ER18-SBD,93.61,80.99,91881.0,12.0,82.57,4.96,19.6,40.8,39.6,IER180131,2.5,7.5,6/15/18,0.89,76.03,0.84,1.03,13.93,0.82,0.15,0.31,0.3
12,013-ER18,013-ER18-SBD,116.25,101.62,91560.0,13.0,103.23,18.58,12.9,43.6,43.5,IER180133,2.5,7.5,6/15/18,1.12,83.04,0.92,1.28,16.15,1.05,0.11,0.37,0.37
13,014-ER18,014-ER18-SBD,87.91,74.51,91882.0,14.0,76.38,6.15,19.2,41.1,39.8,IER180135,2.5,7.5,6/15/18,0.82,68.36,0.75,0.97,14.79,0.72,0.12,0.27,0.26
14,015-ER18,015-ER18-SBD,109.44,96.16,91883.0,15.0,97.89,21.17,14.4,43.5,42.2,IER180137,2.5,7.5,6/15/18,1.06,74.99,0.83,1.21,14.66,1.0,0.11,0.33,0.32
15,016-ER18,016-ER18-SBD,107.34,97.48,91884.0,16.0,97.48,13.14,19.8,42.0,38.2,IER180138,2.5,7.5,6/15/18,1.08,84.34,0.93,1.18,10.88,1.01,0.17,0.37,0.33
16,017-ER18,017-ER18-SBD,113.45,98.4,91885.0,17.0,100.55,6.85,16.9,40.9,42.2,IER18013A,2.5,7.5,6/15/18,1.09,91.55,1.01,1.25,16.61,1.01,0.16,0.38,0.39
17,018-ER18,018-ER18-SBD,126.55,112.58,91561.0,18.0,114.1,14.66,14.9,48.3,36.8,IER18013B,2.5,7.5,6/15/18,1.24,97.92,1.08,1.4,15.42,1.19,0.15,0.5,0.38
18,019-ER18,019-ER18-SBD,125.43,112.9,91886.0,19.0,114.46,17.01,15.1,46.9,38.0,IER18013D,2.5,7.5,6/15/18,1.25,95.89,1.06,1.38,13.83,1.2,0.15,0.47,0.38
19,021-ER18,021-ER18-SBD,130.08,108.47,91787.0,21.0,110.12,1.26,12.6,55.8,31.6,IER18013E,2.5,7.5,6/14/18,1.2,107.21,1.18,1.44,23.85,1.13,0.14,0.62,0.35
20,022-ER18,022-ER18-SBD,125.74,99.21,91788.0,22.0,100.84,13.04,16.0,50.8,33.2,IER18013F,2.5,7.5,6/14/18,1.1,86.17,0.95,1.39,29.29,1.03,0.14,0.45,0.29
21,023-ER18,023-ER18-SBD,113.5,94.5,91789.0,23.0,96.05,5.81,13.7,53.2,33.1,IER18013H,2.5,7.5,6/14/18,1.04,88.69,0.98,1.25,20.97,0.97,0.12,0.48,0.3
22,024-ER18,024-ER18-SBD,116.62,79.13,91562.0,24.0,80.71,3.34,13.8,55.3,30.9,IER18013I,2.5,7.5,6/14/18,0.87,75.79,0.84,1.29,41.38,0.78,0.1,0.41,0.23
23,026-ER18,026-ER18-SBD,114.9,103.63,91790.0,26.0,104.64,37.47,50.5,34.2,15.3,IER18013K,2.5,7.5,6/14/18,1.14,66.16,0.73,1.27,12.44,1.09,0.34,0.23,0.1
24,027-ER18,027-ER18-SBD,92.1,59.55,91791.0,27.0,61.21,6.98,40.3,36.3,23.4,IER18013L,2.5,7.5,6/14/18,0.66,52.57,0.58,1.02,35.93,0.55,0.19,0.17,0.11
25,028-ER18,028-ER18-SBD,101.19,83.84,91792.0,28.0,84.79,21.14,49.0,29.3,21.7,IER18013N,2.5,7.5,6/14/18,0.93,62.7,0.69,1.12,19.15,0.87,0.31,0.19,0.14
26,029-ER18,029-ER18-SBD,122.32,96.89,91793.0,29.0,98.38,34.93,43.7,33.2,23.1,IER18013O,2.5,7.5,6/14/18,1.07,61.96,0.68,1.35,28.07,0.99,0.27,0.2,0.14
27,030-ER18,030-ER18-SBD,99.52,89.6,91794.0,30.0,90.53,34.05,52.6,29.5,17.9,IER18013P,2.5,7.5,6/14/18,0.99,55.55,0.61,1.1,10.95,0.92,0.29,0.16,0.1
28,031-ER18,031-ER18-SBD,111.56,91.1,91563.0,31.0,92.44,25.49,38.8,35.8,25.4,IER18013Q,2.5,7.5,6/14/18,1.01,65.61,0.72,1.23,22.59,0.95,0.26,0.24,0.17
29,032-ER18,032-ER18-SBD,50.44,20.69,91795.0,32.0,22.49,0.49,,,,IER18013R,2.5,7.5,6/14/18,0.23,20.2,0.22,0.56,32.84,0.08,,,
30,033-ER18,033-ER18-SBD,112.34,100.25,91564.0,33.0,101.47,14.0,19.5,44.7,35.8,IER18013S,2.5,7.5,6/15/18,1.11,86.25,0.95,1.24,13.35,1.05,0.18,0.4,0.32
31,034-ER18,034-ER18-SBD,119.86,106.17,91565.0,34.0,107.5,19.42,13.3,49.7,37.0,IER18013U,2.5,7.5,6/15/18,1.17,86.75,0.96,1.32,15.11,1.13,0.12,0.45,0.34
32,035-ER18,035-ER18-SBD,132.5,116.78,91566.0,35.0,118.07,24.83,11.1,48.2,40.7,IER18013W,2.5,7.5,6/15/18,1.29,91.95,1.02,1.46,17.35,1.24,0.11,0.47,0.39
33,036-ER18,036-ER18-SBD,132.96,120.08,91567.0,36.0,121.59,17.2,12.2,50.9,36.9,IER18013Y,2.5,7.5,6/15/18,1.33,102.88,1.14,1.47,14.22,1.27,0.13,0.55,0.4
34,037-ER18,037-ER18-SBD,123.76,113.43,91568.0,37.0,114.9,19.63,18.3,42.1,39.6,IER180140,2.5,7.5,6/15/18,1.25,93.8,1.04,1.37,11.4,1.2,0.18,0.41,0.39
35,038-ER18,038-ER18-SBD,74.82,62.71,91569.0,38.0,63.67,9.21,17.9,45.0,37.1,IER180142,2.5,7.5,6/15/18,0.69,53.5,0.59,0.83,13.37,0.63,0.09,0.24,0.2
36,039-ER18,039-ER18-SBD,65.61,54.77,91570.0,39.0,56.48,7.3,35.7,34.1,30.2,IER180144,2.5,7.5,6/15/18,0.6,47.47,0.52,0.72,11.97,0.48,0.14,0.14,0.12
37,040-ER18,040-ER18-SBD,96.76,82.75,91571.0,40.0,84.04,13.67,15.4,47.4,37.2,IER180146,2.5,7.5,6/15/18,0.91,69.08,0.76,1.07,15.47,0.85,0.11,0.33,0.26
38,041-ER18,041-ER18-SBD,36.1,25.26,91572.0,41.0,26.59,0.46,,,,IER180148,2.5,7.5,6/15/18,0.28,24.8,0.27,0.4,11.97,0.17,,,
39,042-ER18,042-ER18-SBD,111.06,92.74,91573.0,42.0,94.02,15.3,16.7,51.3,32.0,IER180149,2.5,7.5,6/15/18,1.02,77.44,0.85,1.23,20.22,0.95,0.13,0.4,0.25
40,043-ER18,043-ER18-SBD,96.23,87.8,91574.0,43.0,88.84,19.18,49.2,31.8,19.0,IER18014A,2.5,7.5,6/16/18,0.97,68.62,0.76,1.06,9.31,0.93,0.36,0.23,0.14
41,044-ER18,044-ER18-SBD,122.42,99.74,91575.0,44.0,101.99,14.82,15.1,43.7,41.2,IER18014B,2.5,7.5,6/15/18,1.1,84.92,0.94,1.35,25.04,1.02,0.13,0.38,0.35
42,045-ER18,045-ER18-SBD,116.57,101.94,91576.0,45.0,103.81,9.47,19.0,43.8,37.2,IER18014D,2.5,7.5,6/15/18,1.13,92.47,1.02,1.29,16.15,1.04,0.18,0.41,0.35
43,046-ER18,046-ER18-SBD,128.99,110.35,91577.0,46.0,112.11,17.21,16.6,42.3,41.1,IER18014F,2.5,7.5,6/15/18,1.22,93.14,1.03,1.42,20.58,1.14,0.16,0.4,0.39
44,047-ER18,047-ER18-SBD,101.11,86.21,91578.0,47.0,87.76,7.18,25.4,38.6,36.0,IER18014H,2.5,7.5,6/15/18,0.95,79.03,0.87,1.12,16.45,0.86,0.2,0.3,0.28
45,048-ER18,048-ER18-SBD,108.52,93.64,91579.0,48.0,95.41,9.25,26.7,34.8,38.5,IER18014J,2.5,7.5,6/15/18,1.03,84.39,0.93,1.2,16.43,0.95,0.23,0.29,0.32
46,049-ER18,049-ER18-SBD,127.15,110.72,91580.0,49.0,112.41,17.56,28.1,30.9,41.0,IER18014K,2.5,7.5,6/15/18,1.22,93.16,1.03,1.4,18.14,1.14,0.27,0.29,0.39
47,050-ER18,050-ER18-SBD,117.77,100.85,91581.0,50.0,102.56,10.91,22.6,34.9,42.5,IER18014L,2.5,7.5,6/15/18,1.11,89.94,0.99,1.3,18.68,1.03,0.21,0.32,0.39
48,051-ER18,051-ER18-SBD,128.77,113.54,91582.0,51.0,115.46,13.52,15.6,44.8,39.6,IER18014M,2.5,7.5,6/15/18,1.25,100.02,1.1,1.42,16.81,1.19,0.16,0.46,0.41
49,052-ER18,052-ER18-SBD,109.13,87.39,91887.0,52.0,89.52,6.16,24.4,37.2,38.5,IER18014O,2.5,7.5,6/15/18,0.96,81.23,0.9,1.2,24.0,0.88,0.2,0.3,0.31
50,053-ER18,053-ER18-SBD,133.01,118.03,91583.0,53.0,119.68,19.81,14.4,48.5,37.1,IER18014P,2.5,7.5,6/15/18,1.3,98.22,1.08,1.47,16.54,1.23,0.15,0.49,0.38
51,054-ER18,054-ER18-SBD,118.39,99.49,91584.0,54.0,101.18,14.11,9.9,48.9,41.2,IER18014R,2.5,7.5,6/15/18,1.1,85.38,0.94,1.31,20.86,1.03,0.09,0.43,0.36
52,055-ER18,055-ER18-SBD,126.17,76.66,91585.0,55.0,78.29,3.45,4.9,65.5,29.6,IER18014T,2.5,7.5,6/15/18,0.85,73.21,0.81,1.39,54.65,0.77,0.04,0.48,0.22
53,056-ER18,056-ER18-SBD,116.16,70.74,91586.0,56.0,72.48,4.35,11.8,51.9,36.3,IER18014V,2.5,7.5,6/15/18,0.78,66.39,0.73,1.28,50.14,0.68,0.07,0.33,0.23
54,057-ER18,057-ER18-SBD,121.8,75.51,91587.0,57.0,77.62,8.67,1.1,60.5,38.4,IER18014W,2.5,7.5,6/15/18,0.83,66.84,0.74,1.34,51.1,0.77,0.01,0.41,0.26
55,058-ER18,058-ER18-SBD,119.35,83.98,91588.0,58.0,85.71,2.17,16.2,51.6,32.2,IER18014Y,2.5,7.5,6/15/18,0.93,81.81,0.9,1.32,39.04,0.82,0.13,0.41,0.26
56,059-ER18,059-ER18-SBD,112.3,94.63,91589.0,59.0,95.85,26.43,28.1,41.1,30.8,IER180150,2.5,7.5,6/15/18,1.04,68.2,0.75,1.24,19.51,0.97,0.19,0.28,0.21
57,060-ER18,060-ER18-SBD,81.07,66.2,91590.0,60.0,67.39,7.55,16.6,46.1,37.3,IER180152,2.5,7.5,6/15/18,0.73,58.65,0.65,0.89,16.41,0.65,0.09,0.26,0.21
58,061-ER18,061-ER18-SBD,110.17,91.95,91888.0,61.0,93.58,10.72,22.3,43.3,34.4,IER180153,2.5,7.5,6/15/18,1.02,81.23,0.9,1.22,20.11,0.95,0.19,0.36,0.29
59,062-ER18,062-ER18-SBD,160.03,125.29,91796.0,62.0,127.62,20.44,28.7,36.9,34.4,IER180155,2.5,7.5,6/15/18,1.38,104.85,1.16,1.77,38.35,1.33,0.32,0.41,0.38
60,063-ER18,063-ER18-SBD,127.86,112.74,91797.0,63.0,114.33,25.41,21.2,45.8,33.0,IER180156,2.5,7.5,6/15/18,1.24,87.33,0.96,1.41,16.69,1.19,0.19,0.42,0.3
61,064-ER18,064-ER18-SBD,105.9,90.21,91591.0,64.0,91.71,8.02,26.0,40.8,33.2,IER180158,2.5,7.5,6/15/18,1.0,82.19,0.91,1.17,17.32,0.93,0.22,0.34,0.28
62,065-ER18,065-ER18-SBD,100.19,84.82,91592.0,65.0,85.87,25.88,39.4,36.1,24.5,IER180159,2.5,7.5,6/16/18,0.94,58.94,0.65,1.11,16.97,0.87,0.23,0.21,0.14
63,066-ER18,066-ER18-SBD,120.69,110.78,91593.0,66.0,111.55,48.15,52.8,26.8,20.4,IER18015B,2.5,7.5,6/16/18,1.22,62.63,0.69,1.33,10.94,1.18,0.34,0.17,0.13
64,067-ER18,067-ER18-SBD,83.3,70.01,91594.0,67.0,71.07,21.16,48.7,32.1,19.2,IER18015C,2.5,7.5,6/16/18,0.77,48.85,0.54,0.92,14.67,0.71,0.23,0.15,0.09
65,068-ER18,068-ER18-SBD,116.77,106.45,91595.0,68.0,107.57,29.98,48.9,30.7,20.4,IER18015F,2.5,7.5,6/16/18,1.18,76.47,0.84,1.29,11.39,1.13,0.39,0.25,0.16
66,069-ER18,069-ER18-SBD,128.55,117.25,91596.0,69.0,118.24,40.14,52.8,30.6,16.6,IER18015G,2.5,7.5,6/16/18,1.29,77.11,0.85,1.42,12.47,1.25,0.43,0.25,0.13
67,070-ER18,070-ER18-SBD,134.9,124.17,91597.0,70.0,125.25,36.58,51.6,30.5,17.9,IER18015H,2.5,7.5,6/16/18,1.37,87.59,0.97,1.49,11.84,1.34,0.48,0.28,0.17
68,071-ER18,071-ER18-SBD,114.33,101.35,91598.0,71.0,102.6,21.23,31.0,39.6,29.4,IER18015I,2.5,7.5,6/16/18,1.12,80.12,0.88,1.26,14.33,1.07,0.26,0.33,0.24
69,072-ER18,072-ER18-SBD,118.82,107.26,91599.0,72.0,108.3,32.41,31.0,37.1,31.9,IER18015J,2.5,7.5,6/16/18,1.18,74.85,0.83,1.31,12.76,1.13,0.24,0.29,0.25
70,073-ER18,073-ER18-SBD,103.04,90.23,91798.0,73.0,91.3,24.27,33.9,34.3,31.8,IER18015L,2.5,7.5,6/16/18,1.0,65.96,0.73,1.14,14.14,0.95,0.23,0.23,0.22
71,074-ER18,074-ER18-SBD,122.94,111.07,91799.0,74.0,112.58,19.33,31.5,34.3,34.2,IER18015M,2.5,7.5,6/16/18,1.23,91.74,1.01,1.36,13.1,1.17,0.3,0.33,0.33
72,075-ER18,075-ER18-SBD,112.86,98.96,91600.0,75.0,100.15,31.15,28.3,44.7,27.0,IER18015N,2.5,7.5,6/16/18,1.09,67.81,0.75,1.25,15.34,1.03,0.19,0.31,0.18
73,076-ER18,076-ER18-SBD,114.7,104.98,91800.0,76.0,106.23,21.03,32.7,36.9,30.4,IER18015O,2.5,7.5,6/16/18,1.16,83.95,0.93,1.27,10.73,1.11,0.29,0.32,0.27
74,077-ER18,077-ER18-SBD,116.86,106.02,91801.0,77.0,107.29,29.13,28.8,40.7,30.5,IER18015Q,2.5,7.5,6/16/18,1.17,76.89,0.85,1.29,11.97,1.12,0.23,0.33,0.24
75,078-ER18,078-ER18-SBD,126.33,113.84,91601.0,78.0,114.88,38.1,26.0,42.0,32.0,IER18015S,2.5,7.5,6/16/18,1.26,75.74,0.84,1.39,13.79,1.21,0.21,0.33,0.25
76,079-ER18,079-ER18-SBD,125.78,111.59,91802.0,79.0,113.06,32.85,31.2,31.9,36.9,IER18015T,2.5,7.5,6/16/18,1.23,78.74,0.87,1.39,15.66,1.18,0.25,0.26,0.3
77,080-ER18,080-ER18-SBD,84.43,80.37,91602.0,80.0,81.1,16.06,24.8,44.6,30.6,IER18015V,2.5,7.5,6/16/18,0.89,64.31,0.71,0.93,4.48,0.85,0.17,0.3,0.2
78,081-ER18,081-ER18-SBD,126.04,111.73,91803.0,81.0,113.23,22.05,31.5,34.2,34.3,IER18015X,2.5,7.5,6/16/18,1.23,89.68,0.99,1.39,15.8,1.19,0.3,0.32,0.32
79,082-ER18,082-ER18-SBD,115.94,106.12,91603.0,82.0,107.0,33.32,26.0,42.1,31.9,IER18015Z,2.5,7.5,6/16/18,1.17,72.8,0.8,1.28,10.84,1.13,0.2,0.32,0.24
80,083-ER18,083-ER18-SBD,118.91,106.0,91804.0,83.0,107.37,22.46,28.8,38.1,33.1,IER180160,2.5,7.5,6/16/18,1.17,83.54,0.92,1.31,14.25,1.12,0.25,0.33,0.29
81,084-ER18,084-ER18-SBD,129.75,114.94,91604.0,84.0,116.1,41.67,26.9,42.3,30.8,IER180161,2.5,7.5,6/16/18,1.27,73.27,0.81,1.43,16.35,1.22,0.2,0.32,0.23
82,085-ER18,085-ER18-SBD,139.25,85.41,91605.0,85.0,89.54,24.19,43.6,35.9,20.5,IER180162,2.5,7.5,6/16/18,0.94,61.22,0.68,1.54,59.43,0.89,0.27,0.23,0.13
83,086-ER18,086-ER18-SBD,116.35,99.39,91805.0,86.0,101.06,15.04,47.7,31.9,20.4,IER180164,2.5,7.5,6/16/18,1.1,84.35,0.93,1.28,18.72,1.04,0.42,0.28,0.18
84,087-ER18,087-ER18-SBD,78.95,67.96,91606.0,87.0,68.66,16.21,46.0,37.2,16.8,IER180165,2.5,7.5,6/16/18,0.75,51.75,0.57,0.87,12.13,0.71,0.24,0.2,0.09
85,088-ER18,088-ER18-SBD,87.07,65.23,91607.0,88.0,66.61,9.99,37.3,36.6,26.1,IER180167,2.5,7.5,6/16/18,0.72,55.24,0.61,0.96,24.11,0.64,0.2,0.19,0.14
86,089-ER18,089-ER18-SBD,69.64,55.76,91806.0,89.0,56.91,19.78,,,,IER180169,2.5,7.5,6/16/18,0.62,35.98,0.4,0.77,15.32,0.56,,,
87,090-ER18,090-ER18-SBD,154.96,131.84,91608.0,90.0,133.53,64.3,28.6,43.4,28.0,IER18016A,2.5,7.5,6/16/18,1.46,67.54,0.75,1.71,25.52,1.41,0.2,0.3,0.2
88,091-ER18,091-ER18-SBD,147.83,93.53,91807.0,91.0,98.07,28.38,9.6,24.8,65.6,IER18016C,2.5,7.5,6/16/18,1.03,65.15,0.72,1.63,59.94,0.98,0.06,0.17,0.44
89,092-ER18,092-ER18-SBD,103.51,84.68,91808.0,92.0,86.57,16.05,20.4,33.3,46.3,IER18016E,2.5,7.5,6/16/18,0.93,68.63,0.76,1.14,20.79,0.87,0.14,0.23,0.32
90,093-ER18,093-ER18-SBD,103.42,56.42,91609.0,93.0,58.74,2.17,11.7,35.6,52.7,IER18016F,2.5,7.5,6/16/18,0.62,54.25,0.6,1.14,51.88,0.54,0.06,0.18,0.27
91,094-ER18,094-ER18-SBD,89.25,73.41,91610.0,94.0,74.24,15.68,24.7,54.9,20.4,IER18016H,2.5,7.5,6/16/18,0.81,57.73,0.64,0.99,17.49,0.76,0.14,0.32,0.12
92,095-ER18,095-ER18-SBD,55.11,41.31,91809.0,95.0,42.69,8.61,,,,IER18016I,2.5,7.5,6/16/18,0.46,32.7,0.36,0.61,15.23,0.38,,,
93,096-ER18,096-ER18-SBD,99.1,89.56,91611.0,96.0,90.42,30.2,42.4,41.0,16.6,IER18016J,2.5,7.5,6/16/18,0.99,59.36,0.66,1.09,10.53,0.95,0.26,0.25,0.1
94,097-ER18,097-ER18-SBD,86.64,75.92,91612.0,97.0,76.87,21.89,46.1,34.6,19.3,IER18016L,2.5,7.5,6/16/18,0.84,54.03,0.6,0.96,11.83,0.79,0.25,0.19,0.11
95,098-ER18,098-ER18-SBD,95.79,83.34,91613.0,98.0,84.22,18.0,45.0,35.8,19.2,IER18016N,2.5,7.5,6/16/18,0.92,65.34,0.72,1.06,13.74,0.87,0.3,0.24,0.13
96,099-ER18,099-ER18-SBD,85.06,75.16,91810.0,99.0,76.22,10.08,28.8,50.8,20.4,IER18016P,2.5,7.5,6/16/18,0.83,65.08,0.72,0.94,10.93,0.77,0.19,0.33,0.13
97,100-ER18,100-ER18-SBD,41.76,35.7,91811.0,100.0,36.4,3.11,,,,IER18016Q,2.5,7.5,6/16/18,0.39,32.59,0.36,0.46,6.69,0.33,,,
98,101-ER18,101-ER18-SBD,108.3,99.1,91812.0,101.0,100.1,34.15,34.3,45.3,20.4,IER18016R,2.5,7.5,6/16/18,1.09,64.95,0.72,1.2,10.16,1.04,0.23,0.3,0.14
99,102-ER18,102-ER18-SBD,119.52,106.91,91813.0,102.0,108.17,37.97,31.4,38.1,30.5,IER18016S,2.5,7.5,6/16/18,1.18,68.94,0.76,1.32,13.92,1.13,0.22,0.27,0.22
100,103-ER18,103-ER18-SBD,98.88,90.23,91614.0,103.0,91.11,23.81,29.7,42.2,28.1,IER18016U,2.5,7.5,6/16/18,1.0,66.42,0.73,1.09,9.55,0.95,0.2,0.29,0.19
101,104-ER18,104-ER18-SBD,111.57,68.93,91814.0,104.0,70.71,6.53,17.9,47.4,34.7,IER18016W,2.5,7.5,6/19/18,0.76,62.4,0.69,1.23,47.07,0.67,0.11,0.28,0.21
102,105-ER18,105-ER18-SBD,110.43,75.66,91815.0,105.0,77.79,3.09,15.1,47.6,37.3,IER18016Y,2.5,7.5,6/19/18,0.84,72.57,0.8,1.22,38.38,0.74,0.11,0.34,0.26
103,106-ER18,106-ER18-SBD,129.04,83.08,91816.0,106.0,85.48,1.11,23.2,37.1,39.7,IER18016Z,2.5,7.5,6/19/18,0.92,81.97,0.9,1.42,50.73,0.82,0.19,0.3,0.32
104,107-ER18,107-ER18-SBD,101.36,72.58,91817.0,107.0,74.13,3.3,16.9,44.8,38.3,IER180171,2.5,7.5,6/19/18,0.8,69.28,0.76,1.12,31.77,0.73,0.12,0.31,0.26
105,108-ER18,108-ER18-SBD,88.0,66.12,91818.0,108.0,67.46,3.66,14.4,44.7,40.9,IER180173,2.5,7.5,6/19/18,0.73,62.46,0.69,0.97,24.15,0.67,0.09,0.28,0.26
106,109-ER18,109-ER18-SBD,103.87,78.15,91615.0,109.0,79.64,16.93,13.0,48.7,38.3,IER180175,2.5,7.5,6/19/18,0.86,61.22,0.68,1.15,28.39,0.81,0.08,0.3,0.24
107,110-ER18,110-ER18-SBD,102.84,56.53,91819.0,110.0,58.14,0.75,24.3,41.0,34.7,IER180176,2.5,7.5,6/19/18,0.62,55.78,0.62,1.14,51.12,0.54,0.13,0.22,0.19
108,111-ER18,111-ER18-SBD,111.78,85.02,91820.0,111.0,86.8,5.38,12.0,47.2,40.8,IER180177,2.5,7.5,6/19/18,0.94,79.64,0.88,1.23,29.54,0.85,0.09,0.37,0.32
109,112-ER18,112-ER18-SBD,127.18,99.27,91616.0,112.0,100.52,18.14,14.6,47.2,38.2,IER180178,2.5,7.5,6/19/18,1.1,81.13,0.9,1.4,30.81,1.04,0.12,0.4,0.32
110,113-ER18,113-ER18-SBD,108.15,80.94,91821.0,113.0,82.53,0.97,11.2,48.2,40.6,IER18017A,2.5,7.5,6/19/18,0.89,79.97,0.88,1.19,30.04,0.83,0.09,0.39,0.33
111,114-ER18,114-ER18-SBD,86.05,67.19,91617.0,114.0,68.74,2.59,23.8,42.6,33.6,IER18017C,2.5,7.5,6/19/18,0.74,64.6,0.71,0.95,20.82,0.64,0.15,0.26,0.21
112,115-ER18,115-ER18-SBD,116.3,94.02,91822.0,115.0,95.86,13.58,12.3,48.3,39.4,IER18017E,2.5,7.5,6/19/18,1.04,80.44,0.89,1.28,24.59,0.96,0.1,0.39,0.32
113,116-ER18,116-ER18-SBD,62.18,42.57,91823.0,116.0,44.71,0.93,,,,IER18017F,2.5,7.5,6/19/18,0.47,41.64,0.46,0.69,21.65,0.34,,,
114,117-ER18,117-ER18-SBD,87.21,61.2,91824.0,117.0,63.18,8.92,35.3,38.8,25.9,IER18017G,2.5,7.5,6/19/18,0.68,52.28,0.58,0.96,28.71,0.55,0.16,0.18,0.12
115,118-ER18,118-ER18-SBD,115.88,100.21,91825.0,118.0,101.57,29.11,30.3,39.1,30.6,IER18017H,2.5,7.5,6/19/18,1.11,71.1,0.78,1.28,17.3,1.06,0.22,0.29,0.22
116,119-ER18,119-ER18-SBD,122.2,105.14,91826.0,119.0,106.49,30.89,18.8,45.5,35.7,IER18017I,2.5,7.5,6/19/18,1.16,74.25,0.82,1.35,18.83,1.11,0.15,0.35,0.28
117,120-ER18,120-ER18-SBD,110.36,88.07,91618.0,120.0,89.6,8.55,13.7,48.9,37.4,IER18017J,2.5,7.5,6/19/18,0.97,79.52,0.88,1.22,24.61,0.88,0.11,0.38,0.29
118,121-ER18,121-ER18-SBD,49.56,32.46,91619.0,121.0,33.45,1.44,,,,IER18017L,2.5,7.5,6/19/18,0.36,31.02,0.34,0.55,18.88,0.24,,,
119,122-ER18,122-ER18-SBD,99.32,78.38,91620.0,122.0,79.21,10.96,14.2,51.2,34.6,IER18017M,2.5,7.5,6/19/18,0.87,67.42,0.74,1.1,23.12,0.8,0.1,0.35,0.24
120,126-ER18,126-ER18-SBD,50.77,44.16,91827.0,126.0,44.71,9.03,,,,IER18017N,2.5,7.5,6/19/18,0.49,35.13,0.39,0.56,7.3,0.45,,,
121,128-ER18,128-ER18-SBD,125.1,103.21,91828.0,128.0,105.28,3.14,3.3,48.3,48.4,IER18017O,2.5,7.5,6/19/18,1.14,100.07,1.1,1.38,24.16,1.09,0.03,0.51,0.51
122,129-ER18,129-ER18-SBD,129.4,107.36,91829.0,129.0,109.35,0.2,3.3,48.3,48.4,IER18017P,2.5,7.5,6/19/18,1.19,107.16,1.18,1.43,24.33,1.12,0.04,0.54,0.54
123,130-ER18,130-ER18-SBD,113.59,89.15,91830.0,130.0,90.51,2.21,13.4,50.9,35.7,IER18017Q,2.5,7.5,6/19/18,0.98,86.94,0.96,1.25,26.98,0.91,0.12,0.45,0.32
124,131-ER18,131-ER18-SBD,100.76,73.38,91621.0,131.0,75.46,21.52,12.5,36.5,51.0,IER18017S,2.5,7.5,6/19/18,0.81,51.86,0.57,1.11,30.22,0.76,0.06,0.19,0.27
125,132-ER18,132-ER18-SBD,126.69,112.02,91622.0,132.0,113.06,24.24,19.7,47.0,33.3,IER18017T,2.5,7.5,6/19/18,1.24,87.78,0.97,1.4,16.19,1.19,0.18,0.43,0.31
126,133-ER18,133-ER18-SBD,106.57,94.63,91831.0,133.0,95.74,31.93,36.4,43.2,20.4,IER18017U,2.5,7.5,6/19/18,1.04,62.7,0.69,1.18,13.18,0.99,0.23,0.28,0.13
127,134-ER18,134-ER18-SBD,123.6,105.75,91832.0,134.0,107.52,0.17,9.6,51.0,39.4,IER18017W,2.5,7.5,6/19/18,1.17,105.58,1.17,1.36,19.7,1.1,0.11,0.56,0.43
128,135-ER18,135-ER18-SBD,99.0,46.96,91623.0,135.0,48.66,0.17,46.6,29.1,24.3,IER18017Y,2.5,7.5,6/19/18,0.52,46.79,0.52,1.09,57.45,0.44,0.2,0.13,0.11
129,136-ER18,136-ER18-SBD,121.29,90.47,91833.0,136.0,92.82,30.76,26.5,33.5,40.0,IER180180,2.5,7.5,6/19/18,1.0,59.71,0.66,1.34,34.02,0.93,0.16,0.2,0.24
130,137-ER18,137-ER18-SBD,109.46,79.0,91834.0,137.0,81.04,1.18,8.8,44.9,46.3,IER180181,2.5,7.5,6/19/18,0.87,77.82,0.86,1.21,33.62,0.8,0.07,0.35,0.36
131,138-ER18,138-ER18-SBD,91.76,69.28,91624.0,138.0,70.26,9.64,34.2,42.6,23.2,IER180182,2.5,7.5,6/19/18,0.76,59.64,0.66,1.01,24.82,0.68,0.2,0.25,0.13
132,139-ER18,139-ER18-SBD,56.46,47.07,91625.0,139.0,47.7,4.98,,,,IER180183,2.5,7.5,6/19/18,0.52,42.09,0.46,0.62,10.37,0.44,,,
133,140-ER18,140-ER18-SBD,44.43,22.46,91835.0,140.0,23.42,0.04,,,,IER180184,2.5,7.5,6/19/18,0.25,22.42,0.25,0.49,24.25,0.18,,,
134,141-ER18,141-ER18-SBD,119.5,92.03,91626.0,141.0,93.45,8.94,9.3,53.7,37.0,IER180186,2.5,7.5,6/19/18,1.02,83.09,0.92,1.32,30.32,0.96,0.08,0.46,0.32
135,142-ER18,142-ER18-SBD,83.05,43.29,91627.0,142.0,44.52,10.49,,,,IER180188,2.5,7.5,6/19/18,0.48,32.8,0.36,0.92,43.89,0.39,,,
136,143-ER18,143-ER18-SBD,141.17,92.3,91836.0,143.0,94.41,0.0,5.7,54.8,39.5,IER180189,2.5,7.5,6/19/18,1.02,92.3,1.02,1.56,53.95,0.92,0.05,0.51,0.37
137,144-ER18,144-ER18-SBD,125.86,109.71,91628.0,144.0,110.66,22.18,22.3,44.6,33.1,IER18018B,2.5,7.5,6/20/18,1.21,87.53,0.97,1.39,17.83,1.16,0.2,0.41,0.3
138,145-ER18,145-ER18-SBD,122.7,105.36,91837.0,145.0,106.65,15.98,20.2,44.3,35.5,IER18018C,2.5,7.5,6/20/18,1.16,89.38,0.99,1.35,19.14,1.1,0.19,0.41,0.33
139,146-ER18,146-ER18-SBD,142.02,120.78,91629.0,146.0,121.9,26.14,18.5,44.6,36.9,IER18018E,2.5,7.5,6/20/18,1.33,94.64,1.04,1.57,23.45,1.28,0.18,0.44,0.36
140,147-ER18,147-ER18-SBD,144.51,116.21,91838.0,147.0,117.43,16.96,21.3,40.6,38.1,IER18018G,2.5,7.5,6/20/18,1.28,99.25,1.1,1.6,31.24,1.21,0.22,0.42,0.39
141,148-ER18,148-ER18-SBD,102.64,86.87,91630.0,148.0,87.86,10.44,19.6,43.4,37.0,IER18018I,2.5,7.5,6/20/18,0.96,76.43,0.84,1.13,17.41,0.9,0.15,0.34,0.29
142,149-ER18,149-ER18-SBD,113.02,93.64,91839.0,149.0,95.0,15.36,21.3,43.2,35.5,IER18018J,2.5,7.5,6/20/18,1.03,78.28,0.86,1.25,21.39,0.97,0.17,0.35,0.28
143,150-ER18,150-ER18-SBD,135.39,108.09,91631.0,150.0,109.56,6.4,12.2,48.4,39.4,IER18018K,2.5,7.5,6/20/18,1.19,101.69,1.12,1.49,30.14,1.14,0.13,0.52,0.42
144,151-ER18,151-ER18-SBD,127.55,104.82,91840.0,151.0,106.36,8.15,18.7,43.2,38.1,IER18018L,2.5,7.5,6/20/18,1.16,96.67,1.07,1.41,25.09,1.09,0.19,0.43,0.38
145,152-ER18,152-ER18-SBD,125.42,102.59,91632.0,152.0,103.98,2.09,10.7,52.3,37.0,IER18018N,2.5,7.5,6/20/18,1.13,100.5,1.11,1.38,25.2,1.06,0.11,0.54,0.38
146,153-ER18,153-ER18-SBD,114.87,95.38,91841.0,153.0,96.72,4.03,13.8,48.1,38.1,IER18018P,2.5,7.5,6/20/18,1.05,91.35,1.01,1.27,21.51,1.0,0.13,0.46,0.36
147,154-ER18,154-ER18-SBD,125.6,107.89,91633.0,154.0,108.86,39.03,14.4,49.8,35.8,IER18018R,2.5,7.5,6/20/18,1.19,68.86,0.76,1.39,19.55,1.13,0.1,0.35,0.25
148,155-ER18,155-ER18-SBD,130.0,105.84,91634.0,155.0,107.12,8.92,12.0,49.7,38.3,IER18018S,2.5,7.5,6/20/18,1.17,96.92,1.07,1.44,26.67,1.1,0.12,0.5,0.38
149,156-ER18,156-ER18-SBD,121.53,104.96,91635.0,156.0,106.33,4.07,14.7,48.4,36.9,IER18018U,2.5,7.5,6/20/18,1.16,100.89,1.11,1.34,18.29,1.09,0.15,0.51,0.39
150,157-ER18,157-ER18-SBD,120.48,101.17,91636.0,157.0,102.17,19.28,15.9,49.7,34.4,IER18018V,2.5,7.5,6/20/18,1.12,81.89,0.9,1.33,21.32,1.07,0.14,0.42,0.29
151,158-ER18,158-ER18-SBD,127.26,106.62,91637.0,158.0,107.87,12.57,17.2,47.1,35.7,IER18018W,2.5,7.5,6/20/18,1.18,94.05,1.04,1.4,22.78,1.11,0.17,0.46,0.35
152,159-ER18,159-ER18-SBD,118.32,98.1,91638.0,159.0,99.23,18.57,20.7,44.8,34.5,IER18018X,2.5,7.5,6/20/18,1.08,79.53,0.88,1.31,22.32,1.01,0.17,0.36,0.28
153,160-ER18,160-ER18-SBD,117.09,90.17,91639.0,160.0,91.28,20.44,23.4,43.5,33.1,IER18018Y,2.5,7.5,6/20/18,1.0,69.73,0.77,1.29,29.72,0.92,0.16,0.3,0.23
154,161-ER18,161-ER18-SBD,96.86,81.27,91640.0,161.0,82.01,19.51,16.9,47.3,35.8,IER18018Z,2.5,7.5,6/20/18,0.9,61.76,0.68,1.07,17.21,0.84,0.11,0.3,0.22
155,162-ER18,162-ER18-SBD,130.38,108.85,91641.0,162.0,109.94,16.62,18.5,45.9,35.6,IER180190,2.5,7.5,6/20/18,1.2,92.23,1.02,1.44,23.77,1.14,0.18,0.44,0.34
156,163-ER18,163-ER18-SBD,95.56,78.3,91642.0,163.0,79.28,7.73,14.6,48.4,37.0,IER180191,2.5,7.5,6/20/18,0.86,70.57,0.78,1.05,19.05,0.81,0.11,0.35,0.27
157,164-ER18,164-ER18-SBD,117.4,75.31,91842.0,164.0,77.69,10.44,25.4,36.0,38.6,IER180193,2.5,7.5,6/20/18,0.83,64.87,0.72,1.3,46.46,0.74,0.16,0.23,0.24
158,165-ER18,165-ER18-SBD,134.03,109.71,91643.0,165.0,111.53,31.61,28.4,34.4,37.2,IER180194,2.5,7.5,6/20/18,1.21,78.1,0.86,1.48,26.85,1.15,0.23,0.27,0.3
159,166-ER18,166-ER18-SBD,128.73,112.82,91644.0,166.0,114.24,26.81,29.9,38.2,31.9,IER180195,2.5,7.5,6/20/18,1.25,86.01,0.95,1.42,17.56,1.19,0.27,0.34,0.29
160,167-ER18,167-ER18-SBD,139.42,124.06,91843.0,167.0,128.1,20.03,28.6,34.4,37.0,IER180196,2.5,7.5,6/20/18,1.37,104.03,1.15,1.54,16.96,1.31,0.31,0.38,0.4
161,168-ER18,168-ER18-SBD,127.11,116.58,91844.0,168.0,118.4,31.49,27.4,33.1,39.5,IER180197,2.5,7.5,6/20/18,1.29,85.09,0.94,1.4,11.62,1.23,0.24,0.29,0.35
162,169-ER18,169-ER18-SBD,102.2,92.18,91645.0,169.0,93.47,23.77,25.8,38.4,35.8,IER180198,2.5,7.5,6/20/18,1.02,68.41,0.76,1.13,11.06,0.96,0.18,0.27,0.25
163,170-ER18,170-ER18-SBD,135.94,120.2,91845.0,170.0,121.88,22.26,28.9,31.7,39.4,IER180199,2.5,7.5,6/20/18,1.33,97.94,1.08,1.5,17.37,1.28,0.3,0.33,0.41
164,171-ER18,171-ER18-SBD,125.61,109.98,91646.0,171.0,111.32,26.94,26.2,40.7,33.1,IER18019A,2.5,7.5,6/20/18,1.21,83.04,0.92,1.39,17.25,1.16,0.23,0.35,0.28
165,172-ER18,172-ER18-SBD,111.91,98.2,91846.0,172.0,99.48,16.18,26.4,35.5,38.1,IER18019B,2.5,7.5,6/20/18,1.08,82.02,0.91,1.24,15.13,1.05,0.23,0.31,0.33
166,173-ER18,173-ER18-SBD,131.29,117.51,91647.0,173.0,118.72,44.31,26.3,41.9,31.8,IER18019C,2.5,7.5,6/20/18,1.3,73.2,0.81,1.45,15.21,1.25,0.2,0.32,0.24
167,174-ER18,174-ER18-SBD,138.31,120.91,91648.0,174.0,122.16,25.81,21.1,42.0,36.9,IER18019E,2.5,7.5,6/20/18,1.33,95.1,1.05,1.53,19.21,1.29,0.21,0.42,0.37
168,175-ER18,175-ER18-SBD,136.59,118.47,91847.0,175.0,119.74,24.37,20.2,43.1,36.7,IER18019F,2.5,7.5,6/20/18,1.31,94.1,1.04,1.51,20.0,1.26,0.2,0.43,0.36
169,176-ER18,176-ER18-SBD,123.07,111.31,91848.0,176.0,112.21,38.8,30.4,37.9,31.7,IER18019G,2.5,7.5,6/20/18,1.23,72.51,0.8,1.36,12.98,1.2,0.23,0.29,0.24
170,177-ER18,177-ER18-SBD,92.33,61.09,91889.0,177.0,62.94,1.05,25.4,39.9,34.7,IER18019I,2.5,7.5,6/21/18,0.67,60.04,0.66,1.02,34.49,0.61,0.15,0.24,0.21
171,178-ER18,178-ER18-SBD,95.21,80.49,91649.0,178.0,81.56,14.2,32.2,42.2,25.6,IER18019J,2.5,7.5,6/21/18,0.89,66.29,0.73,1.05,16.25,0.84,0.22,0.29,0.18
172,179-ER18,179-ER18-SBD,81.35,66.91,91650.0,179.0,67.8,7.86,34.4,42.5,23.1,IER18019K,2.5,7.5,6/21/18,0.74,59.05,0.65,0.9,15.94,0.68,0.2,0.25,0.14
173,180-ER18,180-ER18-SBD,95.81,35.38,91849.0,180.0,37.43,0.25,,,,IER18019L,2.5,7.5,6/20/18,0.39,35.13,0.39,1.06,66.71,0.3,,,
174,181-ER18,181-ER18-SBD,57.19,45.77,91651.0,181.0,46.64,6.32,,,,IER18019N,2.5,7.5,6/21/18,0.51,39.45,0.44,0.63,12.61,0.43,,,
175,182-ER18,182-ER18-SBD,158.13,114.38,91652.0,182.0,116.12,16.35,5.3,60.1,34.6,IER18019O,2.5,7.5,6/20/18,1.26,98.03,1.08,1.75,48.29,1.2,0.05,0.61,0.35
176,183-ER18,183-ER18-SBD,62.89,42.94,91890.0,183.0,44.86,4.84,,,,IER18019Q,2.5,7.5,6/21/18,0.47,38.1,0.42,0.69,22.02,0.38,,,
177,184-ER18,184-ER18-SBD,99.36,87.94,91891.0,184.0,89.04,26.16,50.5,33.0,16.5,IER18019R,2.5,7.5,6/21/18,0.97,61.78,0.68,1.1,12.61,0.92,0.32,0.21,0.1
178,185-ER18,185-ER18-SBD,78.74,58.39,91892.0,185.0,59.71,9.05,43.4,36.0,20.6,IER18019S,2.5,7.5,6/21/18,0.64,49.34,0.54,0.87,22.46,0.56,0.2,0.17,0.1
179,186-ER18,186-ER18-SBD,106.49,92.06,91653.0,186.0,92.76,32.71,49.1,33.1,17.8,IER18019T,2.5,7.5,6/21/18,1.02,59.35,0.66,1.18,15.93,0.97,0.3,0.2,0.11
180,187-ER18,187-ER18-SBD,107.35,92.52,91654.0,187.0,93.4,23.33,44.9,35.8,19.3,IER18019U,2.5,7.5,6/21/18,1.02,69.19,0.76,1.19,16.37,0.95,0.31,0.25,0.13
181,188-ER18,188-ER18-SBD,96.13,76.73,91893.0,188.0,78.77,22.75,38.4,30.8,30.8,IER18019V,2.5,7.5,6/21/18,0.85,53.98,0.6,1.06,21.42,0.79,0.21,0.17,0.17
182,189-ER18,189-ER18-SBD,123.61,103.5,91655.0,189.0,105.9,13.99,36.3,34.4,29.3,IER18019W,2.5,7.5,6/21/18,1.14,89.51,0.99,1.36,22.2,1.08,0.34,0.32,0.27
183,190-ER18,190-ER18-SBD,64.17,48.79,91656.0,190.0,49.77,1.04,42.6,35.7,21.7,IER18019X,2.5,7.5,6/21/18,0.54,47.75,0.53,0.71,16.98,0.49,0.2,0.17,0.1
184,191-ER18,191-ER18-SBD,107.19,80.78,91657.0,191.0,82.24,8.7,28.2,44.9,26.9,IER18019Z,2.5,7.5,6/21/18,0.89,72.08,0.8,1.18,29.15,0.81,0.2,0.32,0.19
185,192-ER18,192-ER18-SBD,117.67,81.43,91658.0,192.0,83.27,3.13,18.8,54.1,27.1,IER1801A0,2.5,7.5,6/21/18,0.9,78.3,0.86,1.3,40.0,0.82,0.15,0.43,0.21
186,193-ER18,193-ER18-SBD,115.97,51.75,91659.0,193.0,52.7,1.98,8.4,60.5,31.1,IER1801A1,2.5,7.5,6/21/18,0.57,49.77,0.55,1.28,70.89,0.5,0.04,0.29,0.15
187,194-ER18,194-ER18-SBD,114.05,80.46,91660.0,194.0,82.31,7.12,27.5,41.4,31.1,IER1801A2,2.5,7.5,6/21/18,0.89,73.34,0.81,1.26,37.08,0.79,0.2,0.3,0.22
188,195-ER18,195-ER18-SBD,123.56,67.29,91661.0,195.0,68.55,0.64,37.3,39.6,23.1,IER1801A4,2.5,7.5,6/21/18,0.74,66.65,0.74,1.36,62.12,0.67,0.25,0.26,0.15
189,196-ER18,196-ER18-SBD,97.97,81.74,91662.0,196.0,82.35,34.71,37.5,40.8,21.7,IER1801A6,2.5,7.5,6/21/18,0.9,47.03,0.52,1.08,17.92,0.86,0.18,0.19,0.1
190,197-ER18,197-ER18-SBD,95.44,66.88,91663.0,197.0,68.28,11.24,36.5,33.6,29.9,IER1801A8,2.5,7.5,6/21/18,0.74,55.64,0.61,1.05,31.53,0.66,0.2,0.18,0.16
191,198-ER18,198-ER18-SBD,104.16,88.67,91664.0,198.0,89.3,36.34,46.5,36.9,16.6,IER1801A9,2.5,7.5,6/21/18,0.98,52.33,0.58,1.15,17.1,0.93,0.24,0.19,0.09
192,199-ER18,199-ER18-SBD,124.28,104.17,91665.0,199.0,105.34,14.92,38.9,40.7,20.4,IER1801AA,2.5,7.5,6/21/18,1.15,89.25,0.99,1.37,22.2,1.09,0.36,0.38,0.19
193,200-ER18,200-ER18-SBD,117.1,100.34,91666.0,200.0,101.71,25.96,28.7,47.1,24.2,IER1801AB,2.5,7.5,6/21/18,1.11,74.38,0.82,1.29,18.5,1.06,0.22,0.36,0.19
194,201-ER18,201-ER18-SBD,112.87,93.2,91667.0,201.0,94.6,18.41,28.3,44.8,26.9,IER1801AC,2.5,7.5,6/21/18,1.03,74.79,0.83,1.25,21.71,0.97,0.22,0.34,0.21
195,202-ER18,202-ER18-SBD,127.34,104.52,91668.0,202.0,106.37,28.49,24.6,49.8,25.6,IER1801AD,2.5,7.5,6/21/18,1.15,76.03,0.84,1.41,25.19,1.1,0.19,0.39,0.2
196,203-ER18,203-ER18-SBD,123.83,29.59,91894.0,203.0,30.87,0.32,,,,IER1801AE,2.5,7.5,6/21/18,0.33,29.27,0.32,1.37,104.03,0.26,,,
197,204-ER18,204-ER18-SBD,128.54,73.75,91669.0,204.0,75.73,2.04,26.4,42.6,31.0,IER1801AF,2.5,7.5,6/21/18,0.81,71.71,0.79,1.42,60.48,0.72,0.18,0.3,0.22
198,205-ER18,205-ER18-SBD,145.99,127.76,91895.0,205.0,129.42,63.94,46.5,29.3,24.2,IER1801AH,2.5,7.5,6/21/18,1.41,63.82,0.7,1.61,20.12,1.36,0.3,0.19,0.16
199,206-ER18,206-ER18-SBD,123.7,110.69,91670.0,206.0,111.66,48.0,47.8,33.1,19.1,IER1801AI,2.5,7.5,6/21/18,1.22,62.69,0.69,1.37,14.36,1.17,0.31,0.21,0.12
200,207-ER18,207-ER18-SBD,138.48,122.91,91896.0,207.0,124.46,24.89,53.1,24.1,22.8,IER1801AJ,2.5,7.5,6/21/18,1.36,98.02,1.08,1.53,17.19,1.3,0.55,0.25,0.23
201,208-ER18,208-ER18-SBD,141.73,105.47,91671.0,208.0,107.6,19.92,25.8,57.6,16.6,IER1801AK,2.5,7.5,6/21/18,1.16,85.55,0.94,1.56,40.03,1.1,0.23,0.51,0.15
202,209-ER18,209-ER18-SBD,131.42,91.7,91672.0,209.0,94.01,10.29,21.0,37.5,41.5,IER1801AL,2.5,7.5,6/21/18,1.01,81.41,0.9,1.45,43.85,0.94,0.17,0.31,0.34
203,210-ER18,210-ER18-SBD,115.81,73.97,91897.0,210.0,76.53,0.0,35.6,25.8,38.7,IER1801AM,2.5,7.5,6/21/18,0.82,73.97,0.82,1.28,46.19,0.74,0.26,0.19,0.28
204,211-ER18,211-ER18-SBD,127.12,108.46,91673.0,211.0,109.46,37.97,38.9,42.0,19.1,IER1801AN,2.5,7.5,6/21/18,1.2,70.49,0.78,1.4,20.6,1.15,0.28,0.31,0.14
205,212-ER18,212-ER18-SBD,123.37,108.19,91674.0,212.0,109.0,16.57,43.0,39.3,17.7,IER1801AO,2.5,7.5,6/21/18,1.19,91.62,1.01,1.36,16.76,1.14,0.41,0.38,0.17
206,213-ER18,213-ER18-SBD,135.35,118.37,91675.0,213.0,119.27,29.0,44.2,35.5,20.3,IER1801AP,2.5,7.5,6/21/18,1.31,89.37,0.99,1.49,18.74,1.26,0.41,0.33,0.19
207,214-ER18,214-ER18-SBD,116.24,96.64,91676.0,214.0,97.7,11.29,44.1,36.8,19.1,IER1801AQ,2.5,7.5,6/21/18,1.07,85.35,0.94,1.28,21.64,1.01,0.39,0.33,0.17
208,215-ER18,215-ER18-SBD,136.58,116.18,91677.0,215.0,117.33,35.1,44.0,36.9,19.1,IER1801AR,2.5,7.5,6/21/18,1.28,81.08,0.9,1.51,22.52,1.23,0.37,0.31,0.16
209,216-ER18,216-ER18-SBD,119.74,105.82,91678.0,216.0,106.73,25.86,47.9,30.5,21.6,IER1801AT,2.5,7.5,6/21/18,1.17,79.96,0.88,1.32,15.37,1.12,0.4,0.25,0.18
210,217-ER18,217-ER18-SBD,138.09,121.71,91679.0,217.0,122.76,34.25,49.4,34.2,16.4,IER1801AU,2.5,7.5,6/21/18,1.34,87.46,0.97,1.52,18.08,1.3,0.46,0.32,0.15
211,218-ER18,218-ER18-SBD,126.55,109.62,91680.0,218.0,110.66,24.27,40.2,39.4,20.4,IER1801AV,2.5,7.5,6/21/18,1.21,85.35,0.94,1.4,18.69,1.16,0.36,0.35,0.18
212,219-ER18,219-ER18-SBD,97.13,86.92,91681.0,219.0,87.81,8.48,47.8,31.8,20.4,IER1801AW,2.5,7.5,6/22/18,0.96,78.44,0.87,1.07,11.27,0.92,0.39,0.26,0.17
213,220-ER18,220-ER18-SBD,136.08,123.21,91682.0,220.0,124.54,23.41,49.3,31.7,19.0,IER1801AX,2.5,7.5,6/22/18,1.36,99.8,1.1,1.5,14.21,1.31,0.52,0.33,0.2
214,221-ER18,221-ER18-SBD,132.41,117.85,91683.0,221.0,119.05,17.78,53.1,27.9,19.0,IER1801AY,2.5,7.5,6/22/18,1.3,100.07,1.1,1.46,16.07,1.25,0.56,0.29,0.2
215,222-ER18,222-ER18-SBD,122.58,110.87,91684.0,222.0,111.91,33.03,55.5,25.4,19.1,IER1801AZ,2.5,7.5,6/22/18,1.22,77.84,0.86,1.35,12.93,1.18,0.45,0.21,0.16
216,223-ER18,223-ER18-SBD,126.57,110.71,91685.0,223.0,111.86,14.52,55.5,26.8,17.7,IER1801B0,2.5,7.5,6/22/18,1.22,96.19,1.06,1.4,17.51,1.16,0.56,0.27,0.18
217,224-ER18,224-ER18-SBD,140.36,125.34,91686.0,224.0,126.46,15.36,51.8,30.4,17.8,IER1801B2,2.5,7.5,6/22/18,1.38,109.98,1.21,1.55,16.58,1.34,0.61,0.36,0.21
218,225-ER18,225-ER18-SBD,154.14,137.31,91687.0,225.0,138.75,28.6,53.2,31.7,15.1,IER1801B4,2.5,7.5,6/22/18,1.52,108.71,1.2,1.7,18.58,1.47,0.62,0.37,0.17
219,226-ER18,226-ER18-SBD,147.78,134.27,91688.0,226.0,135.26,36.44,55.6,29.2,15.2,IER1801B6,2.5,7.5,6/22/18,1.48,97.83,1.08,1.63,14.91,1.44,0.58,0.3,0.16
220,227-ER18,227-ER18-SBD,132.45,117.73,91689.0,227.0,118.66,24.79,55.5,28.0,16.5,IER1801B8,2.5,7.5,6/22/18,1.3,92.94,1.03,1.46,16.25,1.26,0.55,0.28,0.16
221,228-ER18,228-ER18-SBD,141.84,128.41,91690.0,228.0,129.4,24.37,54.3,29.2,16.5,IER1801BA,2.5,7.5,6/22/18,1.42,104.04,1.15,1.57,14.83,1.36,0.59,0.32,0.18
222,229-ER18,229-ER18-SBD,150.86,137.12,91691.0,229.0,138.66,26.26,45.5,36.8,17.7,IER1801BB,2.5,7.5,6/22/18,1.51,110.86,1.22,1.67,15.17,1.47,0.54,0.43,0.21
223,230-ER18,230-ER18-SBD,134.96,122.75,91850.0,230.0,124.05,20.6,44.3,35.4,20.3,IER1801BD,2.5,7.5,6/22/18,1.36,102.15,1.13,1.49,13.48,1.31,0.48,0.38,0.22
224,231-ER18,231-ER18-SBD,151.27,139.39,91851.0,231.0,140.78,42.21,47.0,34.1,18.9,IER1801BE,2.5,7.5,6/22/18,1.54,97.18,1.07,1.67,13.11,1.51,0.49,0.36,0.2
225,232-ER18,232-ER18-SBD,125.44,115.27,91692.0,232.0,116.01,34.15,45.5,36.8,17.7,IER1801BF,2.5,7.5,6/22/18,1.27,81.12,0.9,1.38,11.23,1.24,0.39,0.32,0.15
226,233-ER18,233-ER18-SBD,125.04,116.0,91693.0,233.0,117.34,40.74,46.8,35.5,17.7,IER1801BG,2.5,7.5,6/22/18,1.28,75.26,0.83,1.38,9.98,1.23,0.37,0.28,0.14
227,234-ER18,234-ER18-SBD,141.46,125.78,91694.0,234.0,126.57,39.85,46.7,34.2,19.1,IER1801BI,2.5,7.5,6/22/18,1.39,85.93,0.95,1.56,17.31,1.35,0.43,0.31,0.17
228,235-ER18,235-ER18-SBD,150.2,139.1,91695.0,235.0,140.3,48.92,49.4,30.4,20.2,IER1801BK,2.5,7.5,6/22/18,1.54,90.18,1.0,1.66,12.25,1.5,0.48,0.29,0.19
229,236-ER18,236-ER18-SBD,112.64,98.61,91852.0,236.0,99.91,17.54,42.9,34.3,22.8,IER1801BM,2.5,7.5,6/22/18,1.09,81.07,0.89,1.24,15.49,1.04,0.37,0.29,0.19
230,237-ER18,237-ER18-SBD,114.04,95.14,91696.0,237.0,96.37,20.85,38.5,39.7,21.8,IER1801BO,2.5,7.5,6/22/18,1.05,74.29,0.82,1.26,20.86,0.97,0.29,0.29,0.16
231,238-ER18,238-ER18-SBD,130.56,112.64,91697.0,238.0,114.0,30.35,38.9,38.2,22.9,IER1801BQ,2.5,7.5,6/22/18,1.24,82.29,0.91,1.44,19.78,1.19,0.33,0.33,0.2
232,239-ER18,239-ER18-SBD,126.65,110.14,91698.0,239.0,111.58,16.82,44.2,34.2,21.6,IER1801BS,2.5,7.5,6/22/18,1.22,93.32,1.03,1.4,18.22,1.18,0.44,0.34,0.21
233,240-ER18,240-ER18-SBD,117.09,102.41,91699.0,240.0,103.34,20.65,56.7,22.8,20.5,IER1801BU,2.5,7.5,6/22/18,1.13,81.76,0.9,1.29,16.2,1.08,0.48,0.19,0.17
234,241-ER18,241-ER18-SBD,133.59,119.6,91700.0,241.0,120.9,20.45,46.8,32.9,20.3,IER1801BV,2.5,7.5,6/22/18,1.32,99.15,1.09,1.47,15.44,1.28,0.49,0.35,0.21
235,242-ER18,242-ER18-SBD,128.43,113.39,91853.0,242.0,114.67,36.31,41.8,38.0,20.2,IER1801BW,2.5,7.5,6/22/18,1.25,77.08,0.85,1.42,16.6,1.22,0.34,0.31,0.17
236,243-ER18,243-ER18-SBD,99.47,87.01,91701.0,243.0,87.73,22.51,44.1,35.5,20.4,IER1801BY,2.5,7.5,6/22/18,0.96,64.5,0.71,1.1,13.75,0.92,0.3,0.24,0.14
237,244-ER18,244-ER18-SBD,141.1,126.84,91854.0,244.0,128.16,42.6,49.3,29.1,21.6,IER1801BZ,2.5,7.5,6/22/18,1.4,84.24,0.93,1.56,15.74,1.35,0.43,0.26,0.19
238,245-ER18,245-ER18-SBD,34.86,23.41,91855.0,245.0,24.55,0.16,,,,IER1801C0,2.5,7.5,6/22/18,0.26,23.25,0.26,0.38,12.64,0.18,,,
239,246-ER18,246-ER18-SBD,38.15,12.83,91702.0,246.0,13.54,2.31,,,,IER1801C1,2.5,7.5,6/22/18,0.14,10.52,0.12,0.42,27.95,0.08,,,
240,247-ER18,247-ER18-SBD,149.72,130.07,91856.0,247.0,131.81,27.18,35.3,39.3,25.4,IER1801C3,2.5,7.5,6/22/18,1.44,102.89,1.14,1.65,21.69,1.39,0.38,0.43,0.28
241,248-ER18,248-ER18-SBD,102.69,80.45,91857.0,248.0,82.05,7.23,40.1,34.4,25.5,IER1801C4,2.5,7.5,6/22/18,0.89,73.22,0.81,1.13,24.55,0.83,0.3,0.26,0.19
242,249-ER18,249-ER18-SBD,135.09,121.45,91703.0,249.0,122.86,22.97,39.2,37.9,22.9,IER1801C5,2.5,7.5,6/22/18,1.34,98.48,1.09,1.49,15.06,1.29,0.41,0.39,0.24
243,250-ER18,250-ER18-SBD,129.99,115.82,91858.0,250.0,117.14,24.01,41.7,35.5,22.8,IER1801C7,2.5,7.5,6/22/18,1.28,91.81,1.01,1.43,15.64,1.23,0.4,0.34,0.22
244,251-ER18,251-ER18-SBD,115.99,101.84,91704.0,251.0,103.04,16.44,43.9,34.3,21.8,IER1801C8,2.5,7.5,6/22/18,1.12,85.4,0.94,1.28,15.62,1.05,0.38,0.3,0.19
245,252-ER18,252-ER18-SBD,111.84,95.22,91705.0,252.0,96.07,32.56,41.3,36.9,21.8,IER1801C9,2.5,7.5,6/22/18,1.05,62.66,0.69,1.23,18.35,1.0,0.26,0.23,0.14
246,253-ER18,253-ER18-SBD,115.64,103.66,91706.0,253.0,104.66,28.72,44.3,36.6,19.1,IER1801CA,2.5,7.5,6/22/18,1.14,74.94,0.83,1.28,13.22,1.11,0.35,0.29,0.15
247,254-ER18,254-ER18-SBD,102.74,88.79,91707.0,254.0,89.84,19.49,42.8,36.7,20.5,IER1801CB,2.5,7.5,6/22/18,0.98,69.3,0.76,1.13,15.4,0.93,0.31,0.26,0.15
248,255-ER18,255-ER18-SBD,111.32,98.02,91708.0,255.0,98.88,9.95,45.1,33.1,21.8,IER1801CC,2.5,7.5,6/22/18,1.08,88.07,0.97,1.23,14.68,1.03,0.41,0.3,0.2
249,256-ER18,256-ER18-SBD,121.82,111.53,91898.0,256.0,112.9,27.32,65.9,13.9,20.2,IER1801CD,2.5,7.5,6/22/18,1.23,84.21,0.93,1.34,11.36,1.2,0.59,0.13,0.18
250,257-ER18,257-ER18-SBD,103.54,91.08,91899.0,257.0,92.21,14.33,40.5,36.7,22.8,IER1801CE,2.5,7.5,6/22/18,1.01,76.75,0.85,1.14,13.75,0.98,0.33,0.3,0.19
251,258-ER18,258-ER18-SBD,110.52,98.19,91709.0,258.0,99.35,17.12,43.9,36.9,19.2,IER1801CF,2.5,7.5,6/22/18,1.08,81.07,0.89,1.22,13.61,1.05,0.38,0.32,0.16
252,259-ER18,259-ER18-SBD,170.69,152.95,91710.0,259.0,154.51,7.74,35.3,34.2,30.5,IER1801CH,2.5,7.5,6/23/18,1.69,145.21,1.6,1.88,19.58,1.65,0.55,0.54,0.48
253,260-ER18,260-ER18-SBD,122.17,107.76,91711.0,260.0,108.72,9.25,44.2,21.5,34.3,IER1801CJ,2.5,7.5,6/23/18,1.19,98.51,1.09,1.35,15.91,1.15,0.46,0.23,0.36
254,261-ER18,261-ER18-SBD,112.98,92.97,91712.0,261.0,94.17,4.12,31.3,36.8,31.9,IER1801CL,2.5,7.5,6/23/18,1.03,88.85,0.98,1.25,22.09,0.98,0.29,0.34,0.3
255,262-ER18,262-ER18-SBD,98.09,70.94,91713.0,262.0,72.16,30.18,,,,IER1801CM,2.5,7.5,6/23/18,0.78,40.76,0.45,1.08,29.97,0.74,,,
256,263-ER18,263-ER18-SBD,105.19,76.8,91714.0,263.0,78.06,2.96,18.0,48.6,33.4,IER1801CN,2.5,7.5,6/23/18,0.85,73.84,0.82,1.16,31.34,0.79,0.14,0.37,0.25
257,264-ER18,264-ER18-SBD,150.91,126.27,91715.0,264.0,128.11,10.97,27.6,39.3,33.1,IER1801CO,2.5,7.5,6/23/18,1.39,115.3,1.27,1.67,27.2,1.35,0.34,0.48,0.41
258,266-ER18,266-ER18-SBD,93.3,75.61,91716.0,266.0,76.55,30.33,29.7,45.9,24.4,IER1801CP,2.5,7.5,6/23/18,0.83,45.28,0.5,1.03,19.53,0.78,0.13,0.21,0.11
259,267-ER18,267-ER18-SBD,128.08,111.33,91859.0,267.0,112.64,70.71,,,,IER1801CR,2.5,7.5,6/23/18,1.23,40.62,0.45,1.41,18.49,1.19,,,
260,268-ER18,268-ER18-SBD,114.47,96.09,91717.0,268.0,97.33,25.96,21.3,41.7,37.0,IER1801CS,2.5,7.5,6/23/18,1.06,70.13,0.77,1.26,20.29,1.02,0.16,0.3,0.27
261,269-ER18,269-ER18-SBD,124.0,106.01,91860.0,269.0,107.24,6.08,44.3,31.7,24.0,IER1801CU,2.5,7.5,6/23/18,1.17,99.93,1.1,1.37,19.86,1.12,0.47,0.33,0.25
262,270-ER18,270-ER18-SBD,106.29,91.84,91718.0,270.0,92.69,2.78,48.0,29.1,22.9,IER1801CW,2.5,7.5,6/23/18,1.01,89.06,0.98,1.17,15.95,0.96,0.45,0.27,0.21
263,271-ER18,271-ER18-SBD,145.11,124.01,91719.0,271.0,125.51,44.27,35.3,36.7,28.0,IER1801CY,2.5,7.5,6/23/18,1.37,79.74,0.88,1.6,23.29,1.33,0.3,0.31,0.24
264,272-ER18,272-ER18-SBD,138.86,109.06,91720.0,272.0,110.48,15.29,35.3,34.2,30.5,IER1801D0,2.5,7.5,6/23/18,1.2,93.77,1.04,1.53,32.9,1.15,0.35,0.34,0.3
265,273-ER18,273-ER18-SBD,140.59,103.62,91721.0,273.0,105.35,15.72,19.8,49.6,30.6,IER1801D2,2.5,7.5,6/23/18,1.14,87.9,0.97,1.55,40.81,1.09,0.18,0.45,0.28
266,274-ER18,274-ER18-SBD,124.87,96.54,91861.0,274.0,98.19,13.5,28.9,35.6,35.5,IER1801D4,2.5,7.5,6/23/18,1.07,83.04,0.92,1.38,31.27,1.02,0.25,0.31,0.31
267,275-ER18,275-ER18-SBD,153.58,116.62,91862.0,275.0,118.54,7.27,31.6,38.0,30.4,IER1801D6,2.5,7.5,6/23/18,1.29,109.35,1.21,1.7,40.8,1.23,0.36,0.44,0.35
268,276-ER18,276-ER18-SBD,147.79,98.48,91722.0,276.0,100.3,7.72,23.4,44.6,32.0,IER1801D8,2.5,7.5,6/23/18,1.09,90.76,1.0,1.63,54.43,1.03,0.22,0.42,0.3
269,277-ER18,277-ER18-SBD,121.96,93.25,91723.0,277.0,94.8,19.19,35.0,31.9,33.1,IER1801D9,2.5,7.5,6/23/18,1.03,74.06,0.82,1.35,31.69,0.97,0.26,0.24,0.25
270,278-ER18,278-ER18-SBD,153.14,121.44,91724.0,278.0,123.11,30.5,30.2,34.3,35.5,IER1801DB,2.5,7.5,6/23/18,1.34,90.94,1.0,1.69,34.99,1.29,0.29,0.33,0.34
271,279-ER18,279-ER18-SBD,103.31,80.44,91725.0,279.0,81.82,19.59,29.7,38.2,32.1,IER1801DD,2.5,7.5,6/23/18,0.89,60.85,0.67,1.14,25.25,0.82,0.18,0.23,0.2
272,280-ER18,280-ER18-SBD,114.9,68.62,91726.0,280.0,70.03,5.03,25.8,47.3,26.9,IER1801DE,2.5,7.5,6/23/18,0.76,63.59,0.7,1.27,51.09,0.69,0.16,0.3,0.17
273,281-ER18,281-ER18-SBD,138.72,103.48,91863.0,281.0,105.26,42.4,42.8,31.8,25.4,IER1801DG,2.5,7.5,6/23/18,1.14,61.08,0.67,1.53,38.9,1.1,0.27,0.2,0.16
274,282-ER18,282-ER18-SBD,121.39,91.25,91727.0,282.0,92.77,7.67,30.2,39.3,30.5,IER1801DH,2.5,7.5,6/23/18,1.01,83.58,0.92,1.34,33.27,0.96,0.26,0.34,0.27
275,283-ER18,283-ER18-SBD,146.28,104.09,91864.0,283.0,105.97,31.74,32.4,37.0,30.6,IER1801DJ,2.5,7.5,6/23/18,1.15,72.35,0.8,1.61,46.57,1.1,0.24,0.28,0.23
276,284-ER18,284-ER18-SBD,80.86,51.39,91865.0,284.0,52.67,14.1,,,,IER1801DK,2.5,7.5,6/23/18,0.57,37.29,0.41,0.89,32.53,0.5,,,
277,285-ER18,285-ER18-SBD,126.9,90.78,91866.0,285.0,92.19,30.04,49.1,29.2,21.7,IER1801DM,2.5,7.5,6/23/18,1.0,60.74,0.67,1.4,39.87,0.95,0.3,0.18,0.13
278,286-ER18,286-ER18-SBD,126.85,109.3,91867.0,286.0,110.34,46.94,48.0,27.9,24.1,IER1801DN,2.5,7.5,6/23/18,1.21,62.36,0.69,1.4,19.37,1.16,0.31,0.18,0.15
279,287-ER18,287-ER18-SBD,82.82,61.1,91868.0,287.0,62.43,21.85,,,,IER1801DO,2.5,7.5,6/23/18,0.67,39.25,0.43,0.91,23.98,0.59,,,
280,288-ER18,288-ER18-SBD,152.78,135.31,91728.0,288.0,136.59,32.52,44.3,32.8,22.9,IER1801DP,2.5,7.5,6/23/18,1.49,102.79,1.13,1.69,19.28,1.46,0.49,0.36,0.25
281,289-ER18,289-ER18-SBD,84.25,68.16,91869.0,289.0,69.63,7.13,24.0,45.1,30.9,IER1801DQ,2.5,7.5,6/23/18,0.75,61.03,0.67,0.93,17.76,0.67,0.14,0.27,0.18
282,290-ER18,290-ER18-SBD,101.48,84.78,91870.0,290.0,86.19,29.06,28.3,39.7,32.0,IER1801DR,2.5,7.5,6/23/18,0.94,55.72,0.62,1.12,18.43,0.89,0.16,0.23,0.18
283,291-ER18,291-ER18-SBD,58.77,20.32,91871.0,291.0,21.66,0.44,,,,IER1801DT,2.5,7.5,6/23/18,0.22,19.88,0.22,0.65,42.44,0.12,,,
284,292-ER18,292-ER18-SBD,95.17,84.18,91729.0,292.0,85.45,7.63,27.5,35.5,37.0,IER1801DV,2.5,7.5,6/23/18,0.93,76.55,0.85,1.05,12.13,0.89,0.22,0.29,0.3
285,293-ER18,293-ER18-SBD,48.11,32.93,91730.0,293.0,33.81,9.51,,,,IER1801DW,2.5,7.5,6/23/18,0.36,23.42,0.26,0.53,16.76,0.27,,,
286,294-ER18,294-ER18-SBD,75.54,60.67,91872.0,294.0,62.04,11.42,36.7,33.6,29.7,IER1801DX,2.5,7.5,6/23/18,0.67,49.25,0.54,0.83,16.41,0.58,0.17,0.15,0.14
287,295-ER18,295-ER18-SBD,26.0,17.48,91873.0,295.0,8.58,0.27,,,,IER1801DY,2.5,7.5,6/23/18,0.19,17.21,0.19,0.29,9.41,0.06,,,
288,296-ER18,296-ER18-SBD,162.89,134.15,91731.0,296.0,140.94,37.31,34.8,19.1,46.1,IER1801DZ,2.5,7.5,6/23/18,1.48,96.84,1.07,1.8,31.73,1.44,0.36,0.2,0.47
289,297-ER18,297-ER18-SBD,92.61,68.88,91874.0,297.0,70.8,0.69,19.0,51.4,29.6,IER1801E0,2.5,7.5,6/23/18,0.76,68.19,0.75,1.02,26.19,0.66,0.12,0.34,0.19
290,298-ER18,298-ER18-SBD,115.57,94.04,91875.0,298.0,95.55,5.36,27.3,39.5,33.2,IER1801E1,2.5,7.5,6/23/18,1.04,88.68,0.98,1.28,23.77,0.98,0.25,0.36,0.31
291,299-ER18,299-ER18-SBD,112.29,101.81,91900.0,299.0,103.23,22.14,37.7,36.9,25.4,IER1801E2,2.5,7.5,6/25/18,1.12,79.67,0.88,1.24,11.57,1.06,0.31,0.3,0.21
292,300-ER18,300-ER18-SBD,109.0,92.38,91732.0,300.0,94.0,29.42,24.1,51.4,24.5,IER1801E3,2.5,7.5,6/25/18,1.02,62.96,0.69,1.2,18.35,0.95,0.15,0.32,0.15
293,301-ER18,301-ER18-SBD,116.93,101.18,91901.0,301.0,102.51,17.35,31.2,43.3,25.5,IER1801E5,2.5,7.5,6/25/18,1.12,83.83,0.93,1.29,17.39,1.05,0.27,0.37,0.22
294,302-ER18,302-ER18-SBD,97.61,89.21,91902.0,302.0,89.21,31.95,37.4,37.0,25.5,IER1801E6,2.5,7.5,6/25/18,0.98,57.26,0.63,1.08,9.27,0.94,0.22,0.22,0.15
295,303-ER18,303-ER18-SBD,127.27,116.37,91903.0,303.0,117.52,56.95,38.9,35.6,25.5,IER1801E7,2.5,7.5,6/25/18,1.28,59.42,0.66,1.4,12.03,1.26,0.24,0.22,0.16
296,306-ER18,306-ER18-SBD,119.99,108.1,91904.0,306.0,109.2,44.64,42.8,34.3,22.9,IER1801E8,2.5,7.5,6/25/18,1.19,63.46,0.7,1.32,13.13,1.15,0.28,0.23,0.15
297,307-ER18,307-ER18-SBD,91.1,81.36,91733.0,307.0,82.1,29.71,21.5,47.5,31.0,IER1801E9,2.5,7.5,6/25/18,0.9,51.65,0.57,1.01,10.75,0.85,0.11,0.25,0.16
298,308-ER18,308-ER18-SBD,122.68,112.15,91734.0,308.0,112.72,43.91,22.3,48.3,29.4,IER1801EA,2.5,7.5,6/25/18,1.24,68.24,0.75,1.35,11.62,1.2,0.16,0.35,0.21
299,309-ER18,309-ER18-SBD,114.63,75.22,91735.0,309.0,76.6,0.06,28.6,53.6,17.8,IER1801EB,2.5,7.5,6/25/18,0.83,75.16,0.83,1.27,43.5,0.74,0.21,0.4,0.13
300,310-ER18,310-ER18-SBD,119.1,83.88,91736.0,310.0,85.5,3.75,22.2,57.3,20.5,IER1801ED,2.5,7.5,6/25/18,0.93,80.13,0.88,1.31,38.88,0.86,0.18,0.47,0.17
301,311-ER18,311-ER18-SBD,121.59,83.17,91737.0,311.0,84.89,1.24,15.8,62.4,21.8,IER1801EF,2.5,7.5,6/25/18,0.92,81.93,0.9,1.34,42.41,0.84,0.13,0.52,0.18
302,312-ER18,312-ER18-SBD,123.29,87.92,91738.0,312.0,89.73,4.66,25.8,49.9,24.3,IER1801EH,2.5,7.5,6/25/18,0.97,83.26,0.92,1.36,39.04,0.9,0.22,0.42,0.21
303,313-ER18,313-ER18-SBD,108.46,88.61,91739.0,313.0,89.24,25.79,59.4,27.9,12.7,IER1801EJ,2.5,7.5,6/25/18,0.98,62.82,0.69,1.2,21.91,0.95,0.39,0.18,0.08
304,314-ER18,314-ER18-SBD,138.68,128.11,91740.0,314.0,128.81,71.79,68.1,21.7,10.2,IER1801EK,2.5,7.5,6/25/18,1.41,56.32,0.62,1.53,11.67,1.38,0.4,0.13,0.06
305,315-ER18,315-ER18-SBD,96.91,64.17,91741.0,315.0,65.39,1.65,32.1,50.0,17.9,IER1801EM,2.5,7.5,6/25/18,0.71,62.52,0.69,1.07,36.14,0.64,0.2,0.31,0.11
306,316-ER18,316-ER18-SBD,115.99,83.88,91742.0,316.0,85.19,0.92,55.4,31.9,12.7,IER1801EO,2.5,7.5,6/25/18,0.93,82.96,0.92,1.28,35.45,0.87,0.48,0.28,0.11
307,317-ER18,317-ER18-SBD,113.03,81.98,91743.0,317.0,82.79,1.57,46.2,37.2,16.6,IER1801EQ,2.5,7.5,6/25/18,0.9,80.41,0.89,1.25,34.28,0.83,0.38,0.3,0.14
308,318-ER18,318-ER18-SBD,119.75,86.3,91744.0,318.0,88.05,5.59,17.1,62.4,20.5,IER1801ES,2.5,7.5,6/25/18,0.95,80.71,0.89,1.32,36.92,0.89,0.14,0.52,0.17
309,319-ER18,319-ER18-SBD,80.93,72.24,91745.0,319.0,73.57,16.27,30.5,41.1,28.4,IER1801EU,2.5,7.5,6/26/18,0.8,55.97,0.62,0.89,9.59,0.74,0.17,0.23,0.16
310,320-ER18,320-ER18-SBD,107.99,88.8,91905.0,320.0,90.4,22.7,33.6,35.7,30.6,IER1801EV,2.5,7.5,6/26/18,0.98,66.1,0.73,1.19,21.18,0.91,0.22,0.24,0.2
311,321-ER18,321-ER18-SBD,69.94,57.9,91746.0,321.0,58.7,11.21,44.3,33.6,22.1,IER1801EX,2.5,7.5,6/26/18,0.64,46.69,0.52,0.77,13.29,0.55,0.19,0.14,0.09
312,322-ER18,322-ER18-SBD,111.66,103.36,91906.0,322.0,104.57,47.24,40.1,31.9,28.0,IER1801EY,2.5,7.5,6/26/18,1.14,56.12,0.62,1.23,9.16,1.1,0.23,0.18,0.16
313,323-ER18,323-ER18-SBD,98.7,82.15,91907.0,323.0,96.22,48.01,39.1,29.8,31.1,IER1801F0,2.5,7.5,6/26/18,0.91,34.14,0.38,1.09,18.27,0.85,0.12,0.09,0.1
314,324-ER18,324-ER18-SBD,96.12,83.15,91876.0,324.0,83.86,17.16,45.1,33.2,21.7,IER1801F1,2.5,7.5,6/25/18,0.92,65.99,0.73,1.06,14.32,0.86,0.3,0.22,0.15
315,325-ER18,325-ER18-SBD,93.69,80.52,91877.0,325.0,81.88,0.95,22.2,44.6,33.2,IER1801F2,2.5,7.5,6/25/18,0.89,79.57,0.88,1.03,14.54,0.82,0.18,0.36,0.27
316,326-ER18,326-ER18-SBD,101.79,86.3,91878.0,326.0,87.3,1.8,8.2,53.6,38.2,IER1801F3,2.5,7.5,6/25/18,0.95,84.5,0.93,1.12,17.1,0.88,0.07,0.46,0.33
317,327-ER18,327-ER18-SBD,83.04,63.1,91879.0,327.0,64.65,4.4,16.5,48.8,34.7,IER1801F4,2.5,7.5,6/25/18,0.7,58.7,0.65,0.92,22.01,0.61,0.09,0.27,0.19
318,328-ER18,328-ER18-SBD,105.42,94.5,91908.0,328.0,95.76,29.87,36.5,36.9,26.7,IER1801F6,2.5,7.5,6/26/18,1.04,64.63,0.71,1.16,12.05,1.01,0.25,0.25,0.18
319,329-ER18,329-ER18-SBD,92.15,45.54,91909.0,329.0,47.29,0.37,39.0,36.4,24.7,IER1801F7,2.5,7.5,6/26/18,0.5,45.17,0.5,1.02,51.45,0.42,0.16,0.15,0.1
320,330-ER18,330-ER18-SBD,123.41,109.92,91747.0,330.0,111.12,32.21,54.1,25.4,20.5,IER1801F9,2.5,7.5,6/26/18,1.21,77.71,0.86,1.36,14.89,1.15,0.43,0.2,0.16
321,331-ER18,331-ER18-SBD,60.15,39.47,91910.0,331.0,40.89,10.06,,,,IER1801FB,2.5,7.5,6/26/18,0.44,29.41,0.32,0.66,22.83,0.35,,,
322,332-ER18,332-ER18-SBD,140.54,128.54,91911.0,332.0,130.13,43.6,48.0,27.9,24.1,IER1801FC,2.5,7.5,6/26/18,1.42,84.94,0.94,1.55,13.25,1.38,0.43,0.25,0.22
323,333-ER18,333-ER18-SBD,124.63,104.96,91748.0,333.0,105.62,43.07,29.8,42.9,27.3,IER1801FE,2.5,7.5,6/28/18,1.16,61.89,0.68,1.38,21.71,1.06,0.17,0.25,0.16
324,334-ER18,334-ER18-SBD,96.24,85.48,91749.0,334.0,85.75,22.8,34.3,39.9,25.8,IER1801FF,2.5,7.5,6/26/18,0.94,62.68,0.69,1.06,11.88,0.89,0.22,0.25,0.16
325,335-ER18,335-ER18-SBD,116.76,106.29,91912.0,335.0,107.88,35.22,35.0,37.0,28.1,IER1801FH,2.5,7.5,6/26/18,1.17,71.07,0.78,1.29,11.56,1.12,0.26,0.27,0.21
326,336-ER18,336-ER18-SBD,105.46,97.92,91913.0,336.0,94.73,24.18,29.7,40.9,29.4,IER1801FI,2.5,7.5,6/26/18,1.08,73.74,0.81,1.16,8.32,1.02,0.22,0.31,0.22
327,337-ER18,337-ER18-SBD,104.0,93.66,91914.0,337.0,95.04,26.59,34.9,35.7,29.4,IER1801FK,2.5,7.5,6/26/18,1.03,67.07,0.74,1.15,11.41,0.97,0.24,0.24,0.2
328,338-ER18,338-ER18-SBD,117.59,100.65,91915.0,338.0,103.06,28.83,26.6,43.8,29.6,IER1801FM,2.5,7.5,6/26/18,1.11,71.82,0.79,1.3,18.7,1.02,0.19,0.31,0.21
329,339-ER18,339-ER18-SBD,106.28,92.05,91916.0,339.0,93.38,23.23,34.6,34.6,30.8,IER1801FO,2.5,7.5,6/26/18,1.02,68.82,0.76,1.17,15.71,0.93,0.23,0.23,0.21
330,340-ER18,340-ER18-SBD,96.8,82.3,91917.0,340.0,83.82,25.02,42.2,32.1,25.7,IER1801FP,2.5,7.5,6/26/18,0.91,57.28,0.63,1.07,16.01,0.82,0.23,0.18,0.14
331,341-ER18,341-ER18-SBD,115.77,104.47,91918.0,341.0,106.0,29.16,38.9,31.8,29.3,IER1801FR,2.5,7.5,6/26/18,1.15,75.31,0.83,1.28,12.47,1.09,0.3,0.25,0.23
332,342-ER18,342-ER18-SBD,109.86,114.59,91750.0,342.0,115.08,34.15,41.3,37.0,21.7,IER1801FS,2.5,7.5,6/26/18,1.26,80.44,0.89,1.21,-5.22,1.22,0.35,0.31,0.18
333,343-ER18,343-ER18-SBD,105.9,95.27,91919.0,343.0,96.77,26.75,31.1,34.5,34.5,IER1801FT,2.5,7.5,6/26/18,1.05,68.52,0.76,1.17,11.73,0.99,0.22,0.24,0.24
334,344-ER18,344-ER18-SBD,128.7,116.8,91920.0,344.0,118.13,37.4,38.9,33.1,28.0,IER1801FU,2.5,7.5,6/26/18,1.29,79.4,0.88,1.42,13.14,1.23,0.32,0.27,0.23
335,345-ER18,345-ER18-SBD,96.03,107.18,91921.0,345.0,108.07,26.27,48.1,25.3,26.6,IER1801FV,2.5,7.5,6/26/18,1.18,80.91,0.89,1.06,-12.31,1.13,0.41,0.21,0.22
336,346-ER18,346-ER18-SBD,102.74,87.96,91922.0,346.0,89.6,14.61,33.7,38.2,28.0,IER1801FW,2.5,7.5,6/26/18,0.97,73.35,0.81,1.13,16.32,0.89,0.25,0.28,0.2
337,347-ER18,347-ER18-SBD,127.11,112.03,91923.0,347.0,113.66,50.23,30.9,42.2,26.9,IER1801FY,2.5,7.5,6/26/18,1.24,61.8,0.68,1.4,16.65,1.18,0.19,0.26,0.17
338,348-ER18,348-ER18-SBD,123.71,81.78,91924.0,348.0,83.37,23.3,39.8,29.4,30.7,IER1801FZ,2.5,7.5,6/26/18,0.9,58.48,0.65,1.37,46.29,0.83,0.23,0.17,0.18
339,349-ER18,349-ER18-SBD,113.04,101.02,91751.0,349.0,102.11,21.03,43.9,29.3,26.8,IER1801G1,2.5,7.5,6/26/18,1.12,79.99,0.88,1.25,13.27,1.07,0.37,0.25,0.22
340,350-ER18,350-ER18-SBD,105.22,90.48,91925.0,350.0,91.68,26.85,28.4,39.6,32.0,IER1801G2,2.5,7.5,6/26/18,1.0,63.63,0.7,1.16,16.27,0.93,0.18,0.25,0.2
341,351-ER18,351-ER18-SBD,93.1,74.05,91926.0,351.0,75.23,17.16,28.5,46.0,25.5,IER1801G3,2.5,7.5,6/27/18,0.82,56.89,0.63,1.03,21.03,0.76,0.16,0.26,0.15
342,352-ER18,352-ER18-SBD,87.35,70.23,91927.0,352.0,71.42,11.64,36.2,42.1,21.7,IER1801G4,2.5,7.5,6/27/18,0.78,58.59,0.65,0.96,18.9,0.73,0.22,0.25,0.13
343,353-ER18,353-ER18-SBD,59.02,41.09,91928.0,353.0,42.51,1.95,,,,IER1801G5,2.5,7.5,6/27/18,0.45,39.14,0.43,0.65,19.79,0.37,,,
344,354-ER18,354-ER18-SBD,105.79,98.48,91929.0,354.0,99.31,37.61,53.1,27.9,19.0,IER1801G6,2.5,7.5,6/26/18,1.09,60.87,0.67,1.17,8.07,1.06,0.34,0.18,0.12
345,355-ER18,355-ER18-SBD,121.16,112.81,91930.0,355.0,113.92,27.33,55.7,22.8,21.5,IER1801G7,2.5,7.5,6/26/18,1.25,85.48,0.94,1.34,9.22,1.21,0.5,0.21,0.19
346,356-ER18,356-ER18-SBD,136.31,124.85,91752.0,356.0,125.36,24.0,44.1,33.1,22.8,IER1801G8,2.5,7.5,6/26/18,1.38,100.85,1.11,1.5,12.65,1.33,0.47,0.35,0.24
347,357-ER18,357-ER18-SBD,86.29,76.56,91931.0,357.0,77.66,13.69,28.0,41.1,30.8,IER1801GA,2.5,7.5,6/26/18,0.85,62.87,0.69,0.95,10.74,0.77,0.17,0.26,0.19
348,358-ER18,358-ER18-SBD,139.01,128.05,91932.0,358.0,129.59,5.24,35.5,40.5,24.0,IER1801GB,2.5,7.5,6/26/18,1.41,122.81,1.36,1.53,12.1,1.37,0.47,0.53,0.31
349,359-ER18,359-ER18-SBD,87.65,80.69,91933.0,359.0,81.6,24.61,51.7,29.3,19.1,IER1801GC,2.5,7.5,6/26/18,0.89,56.08,0.62,0.97,7.68,0.85,0.3,0.17,0.11
350,360-ER18,360-ER18-SBD,128.99,121.43,91934.0,360.0,122.17,49.31,46.8,30.4,22.8,IER1801GD,2.5,7.5,6/26/18,1.34,72.12,0.8,1.42,8.35,1.31,0.36,0.23,0.17
351,361-ER18,361-ER18-SBD,140.21,126.45,91935.0,361.0,128.28,31.45,48.1,29.1,22.8,IER1801GE,2.5,7.5,6/26/18,1.4,95.0,1.05,1.55,15.19,1.35,0.48,0.29,0.23
352,362-ER18,362-ER18-SBD,112.69,100.85,91936.0,362.0,102.37,43.4,51.6,22.9,25.5,IER1801GF,2.5,7.5,6/26/18,1.11,57.45,0.63,1.24,13.07,1.04,0.29,0.13,0.14
353,363-ER18,363-ER18-SBD,104.19,83.98,91753.0,363.0,85.63,12.3,30.7,37.2,32.1,IER1801GH,2.5,7.5,6/26/18,0.93,71.68,0.79,1.15,22.31,0.87,0.22,0.27,0.23
354,364-ER18,364-ER18-SBD,104.37,94.45,91754.0,364.0,94.75,27.82,38.7,39.6,21.7,IER1801GJ,2.5,7.5,6/27/18,1.04,66.63,0.74,1.15,10.95,1.0,0.27,0.27,0.15
355,365-ER18,365-ER18-SBD,109.42,92.96,91937.0,365.0,93.81,20.66,35.0,42.0,22.9,IER1801GL,2.5,7.5,6/27/18,1.03,72.3,0.8,1.21,18.17,0.98,0.26,0.31,0.17
356,366-ER18,366-ER18-SBD,126.94,113.36,91755.0,366.0,113.62,20.31,44.1,36.9,19.0,IER1801GN,2.5,7.5,6/27/18,1.25,93.05,1.03,1.4,14.99,1.21,0.43,0.36,0.19
357,367-ER18,367-ER18-SBD,131.43,90.91,91938.0,367.0,92.77,25.5,28.3,38.4,33.3,IER1801GO,2.5,7.5,6/27/18,1.0,65.41,0.72,1.45,44.73,0.93,0.18,0.25,0.22
358,368-ER18,368-ER18-SBD,138.47,66.83,91939.0,368.0,67.06,22.24,,,,IER1801GP,2.5,7.5,6/27/18,0.74,44.59,0.49,1.53,79.08,0.72,,,
359,369-ER18,369-ER18-SBD,133.73,113.01,91756.0,369.0,114.72,44.95,45.1,31.9,23.0,IER1801GQ,2.5,7.5,6/27/18,1.25,68.06,0.75,1.48,22.87,1.2,0.32,0.23,0.16
360,370-ER18,370-ER18-SBD,101.29,86.21,91940.0,370.0,87.01,25.76,44.2,38.1,17.8,IER1801GR,2.5,7.5,6/27/18,0.95,60.45,0.67,1.12,16.65,0.92,0.28,0.24,0.11
361,371-ER18,371-ER18-SBD,115.0,100.31,91941.0,371.0,95.05,23.59,42.7,33.1,24.2,IER1801GS,2.5,7.5,6/27/18,1.11,76.72,0.85,1.27,16.22,1.04,0.33,0.26,0.19
362,372-ER18,372-ER18-SBD,109.33,42.23,91942.0,372.0,43.83,0.0,,,,IER1801GT,2.5,7.5,6/27/18,0.47,42.23,0.47,1.21,74.07,0.36,,,
363,373-ER18,373-ER18-SBD,96.14,15.82,91757.0,373.0,16.6,0.84,,,,IER1801GU,2.5,7.5,6/27/18,0.17,14.98,0.17,1.06,88.66,0.11,,,
364,374-ER18,374-ER18-SBD,82.9,67.45,91943.0,374.0,68.64,11.99,31.0,46.0,23.0,IER1801GW,2.5,7.5,6/27/18,0.74,55.46,0.61,0.92,17.05,0.68,0.17,0.25,0.13
365,375-ER18,375-ER18-SBD,130.8,75.36,91758.0,375.0,76.03,13.88,34.6,41.0,24.4,IER1801GX,2.5,7.5,6/27/18,0.83,61.48,0.68,1.44,61.2,0.77,0.21,0.25,0.15
366,376-ER18,376-ER18-SBD,112.49,83.87,91944.0,376.0,85.55,4.43,19.7,52.2,28.0,IER1801GY,2.5,7.5,6/27/18,0.93,79.44,0.88,1.24,31.59,0.86,0.16,0.43,0.23
367,377-ER18,377-ER18-SBD,126.11,79.88,91945.0,377.0,82.08,14.11,24.6,52.4,23.0,IER1801GZ,2.5,7.5,6/27/18,0.88,65.77,0.73,1.39,51.03,0.82,0.16,0.35,0.15
368,378-ER18,378-ER18-SBD,129.94,78.44,91946.0,378.0,80.43,4.19,24.5,53.7,21.7,IER1801H0,2.5,7.5,6/27/18,0.87,74.25,0.82,1.43,56.85,0.79,0.18,0.4,0.16
369,379-ER18,379-ER18-SBD,96.62,81.61,91947.0,379.0,82.74,36.61,,,,IER1801H2,2.5,7.5,6/27/18,0.9,45.0,0.5,1.07,16.57,0.85,,,
370,380-ER18,380-ER18-SBD,105.87,30.74,91948.0,380.0,32.07,0.02,,,,IER1801H3,2.5,7.5,6/27/18,0.34,30.72,0.34,1.17,82.93,0.24,,,
371,381-ER18,381-ER18-SBD,79.53,68.79,91759.0,381.0,69.75,27.92,,,,IER1801H5,2.5,7.5,6/27/18,0.76,40.87,0.45,0.88,11.86,0.7,,,
372,382-ER18,382-ER18-SBD,110.77,92.26,91949.0,382.0,93.07,30.6,38.8,39.5,21.7,IER1801H6,2.5,7.5,6/27/18,1.02,61.66,0.68,1.22,20.43,0.97,0.24,0.25,0.14
373,383-ER18,383-ER18-SBD,110.44,88.03,91950.0,383.0,89.69,16.44,41.5,33.1,25.5,IER1801H7,2.5,7.5,6/27/18,0.97,71.59,0.79,1.22,24.74,0.91,0.3,0.24,0.19
374,384-ER18,384-ER18-SBD,132.77,116.56,91760.0,384.0,119.48,64.64,49.2,30.5,20.3,IER1801H8,2.5,7.5,6/27/18,1.29,51.92,0.57,1.47,17.89,1.26,0.27,0.17,0.11
375,385-ER18,385-ER18-SBD,84.5,68.52,91761.0,385.0,69.52,22.78,49.9,29.7,20.4,IER1801H9,2.5,7.5,6/27/18,0.76,45.74,0.5,0.93,17.64,0.72,0.23,0.14,0.1
376,386-ER18,386-ER18-SBD,115.73,103.14,91762.0,386.0,103.5,54.76,53.9,25.7,20.4,IER1801HA,2.5,7.5,6/27/18,1.14,48.38,0.53,1.28,13.9,1.13,0.28,0.13,0.11
377,387-ER18,387-ER18-SBD,129.52,120.89,91763.0,387.0,121.6,22.25,50.2,30.7,19.1,IER1801HB,2.5,7.5,6/27/18,1.33,98.64,1.09,1.43,9.53,1.26,0.51,0.31,0.19
378,388-ER18,388-ER18-SBD,92.34,76.64,91764.0,388.0,77.62,18.52,40.0,39.7,20.3,IER1801HC,2.5,7.5,6/27/18,0.85,58.12,0.64,1.02,17.33,0.8,0.24,0.24,0.12
379,389-ER18,389-ER18-SBD,84.81,15.2,91765.0,389.0,15.92,3.12,,,,IER1801HD,2.5,7.5,6/27/18,0.17,12.08,0.13,0.94,76.84,0.09,,,
380,390-ER18,390-ER18-SBD,86.26,67.25,91766.0,390.0,67.76,12.01,34.4,42.5,23.1,IER1801HE,2.5,7.5,6/27/18,0.74,55.24,0.61,0.95,20.98,0.69,0.19,0.24,0.13
381,391-ER18,391-ER18-SBD,106.22,80.74,91767.0,391.0,82.17,14.39,29.5,47.5,23.0,IER1801HF,2.5,7.5,6/27/18,0.89,66.35,0.73,1.17,28.13,0.84,0.2,0.32,0.16
382,392-ER18,392-ER18-SBD,72.67,45.79,91768.0,392.0,46.13,2.35,,,,IER1801HG,2.5,7.5,6/27/18,0.51,43.44,0.48,0.8,29.67,0.43,,,
383,393-ER18,393-ER18-SBD,69.23,50.73,91769.0,393.0,51.81,7.66,,,,IER1801HH,2.5,7.5,6/27/18,0.56,43.07,0.48,0.76,20.42,0.5,,,
384,395-ER18,395-ER18-SBD,107.72,93.93,91951.0,395.0,94.85,18.59,51.6,26.7,21.6,IER1801HJ,2.5,7.5,6/27/18,1.04,75.34,0.83,1.19,15.22,0.99,0.41,0.21,0.17
385,396-ER18,396-ER18-SBD,104.8,92.2,91770.0,396.0,93.57,24.3,42.2,38.5,19.3,IER1801HK,2.5,7.5,6/27/18,1.02,67.9,0.75,1.16,13.91,0.97,0.3,0.27,0.14
386,397-ER18,397-ER18-SBD,76.77,66.31,91952.0,397.0,67.58,12.83,36.2,43.4,20.4,IER1801HL,2.5,7.5,6/27/18,0.73,53.48,0.59,0.85,11.55,0.69,0.2,0.24,0.11
387,398-ER18,398-ER18-SBD,70.82,28.2,91953.0,398.0,59.62,9.22,38.7,38.3,23.0,IER1801HM,2.5,7.5,6/27/18,0.31,18.98,0.21,0.78,47.05,0.29,0.07,0.07,0.04
388,399-ER18,399-ER18-SBD,103.45,93.14,91954.0,399.0,93.92,37.21,61.7,25.6,12.8,IER1801HN,2.5,7.5,6/27/18,1.03,55.93,0.62,1.14,11.38,0.99,0.36,0.15,0.07
389,400-ER18,400-ER18-SBD,113.37,100.63,91955.0,400.0,101.84,54.01,59.3,24.6,16.2,IER1801HO,2.5,7.5,6/28/18,1.11,46.62,0.51,1.25,14.06,1.08,0.29,0.12,0.08
390,401-ER18,401-ER18-SBD,99.2,85.6,91956.0,401.0,86.65,24.87,75.7,19.2,5.1,IER1801HP,2.5,7.5,6/28/18,0.94,60.73,0.67,1.1,15.01,0.9,0.48,0.12,0.03
391,402-ER18,402-ER18-SBD,104.02,88.28,91957.0,402.0,89.25,40.03,47.8,33.7,18.6,IER1801HQ,2.5,7.5,6/28/18,0.97,48.25,0.53,1.15,17.37,0.92,0.23,0.16,0.09
392,403-ER18,403-ER18-SBD,101.71,91.46,91958.0,403.0,92.74,37.12,24.7,44.6,30.6,IER1801HR,2.5,7.5,6/28/18,1.01,54.34,0.6,1.12,11.31,0.97,0.14,0.25,0.17
393,404-ER18,404-ER18-SBD,102.81,88.47,91959.0,404.0,89.56,30.57,26.9,46.2,26.9,IER1801HS,2.5,7.5,6/28/18,0.98,57.9,0.64,1.13,15.83,0.92,0.16,0.27,0.16
394,405-ER18,405-ER18-SBD,109.7,100.89,91960.0,405.0,101.41,66.33,,,,IER1801HT,2.5,7.5,6/28/18,1.11,34.56,0.38,1.21,9.73,1.05,,,
395,406-ER18,406-ER18-SBD,133.63,119.61,91961.0,406.0,120.61,56.79,40.1,33.1,26.8,IER1801HU,2.5,7.5,6/28/18,1.32,62.82,0.69,1.48,15.48,1.26,0.25,0.21,0.17
396,407-ER18,407-ER18-SBD,143.58,134.54,91962.0,407.0,135.43,79.95,41.3,34.5,24.3,IER1801HV,2.5,7.5,6/28/18,1.49,54.59,0.6,1.58,9.98,1.42,0.22,0.19,0.13
397,408-ER18,408-ER18-SBD,112.33,98.14,91963.0,408.0,99.49,41.94,36.0,37.1,26.9,IER1801HW,2.5,7.5,6/28/18,1.08,56.2,0.62,1.24,15.66,1.01,0.2,0.2,0.15
398,409-ER18,409-ER18-SBD,124.58,105.46,91964.0,409.0,106.85,55.05,32.2,38.6,29.3,IER1801HY,2.5,7.5,6/28/18,1.16,50.41,0.56,1.38,21.11,1.1,0.16,0.19,0.15
399,410-ER18,410-ER18-SBD,115.01,92.47,91965.0,410.0,93.56,41.51,28.0,46.3,25.7,IER1801HZ,2.5,7.5,6/28/18,1.02,50.96,0.56,1.27,24.88,0.95,0.14,0.23,0.13
400,411-ER18,411-ER18-SBD,107.54,83.96,91966.0,411.0,85.21,31.98,25.1,51.7,23.2,IER1801I0,2.5,7.5,6/28/18,0.93,51.98,0.57,1.19,26.03,0.83,0.12,0.25,0.11
401,412-ER18,412-ER18-SBD,135.19,125.92,91967.0,412.0,126.5,74.75,45.4,31.8,22.9,IER1801I1,2.5,7.5,6/28/18,1.39,51.17,0.56,1.49,10.23,1.36,0.24,0.17,0.12
402,413-ER18,413-ER18-SBD,138.51,129.71,91968.0,413.0,130.21,78.83,44.2,35.5,20.3,IER1801I2,2.5,7.5,6/28/18,1.43,50.88,0.56,1.53,9.71,1.4,0.24,0.19,0.11
403,414-ER18,414-ER18-SBD,91.46,74.85,91969.0,414.0,75.69,20.67,21.5,48.9,29.6,IER1801I4,2.5,7.5,6/28/18,0.83,54.18,0.6,1.01,18.34,0.76,0.11,0.26,0.16
404,415-ER18,415-ER18-SBD,96.18,81.84,91970.0,415.0,83.29,36.65,25.5,46.2,28.2,IER1801I5,2.5,7.5,6/28/18,0.9,45.19,0.5,1.06,15.83,0.84,0.11,0.2,0.12
405,416-ER18,416-ER18-SBD,127.83,110.58,91771.0,416.0,110.9,47.69,26.2,45.3,28.5,IER1801I6,2.5,7.5,6/28/18,1.22,62.89,0.69,1.41,19.04,1.15,0.16,0.28,0.18
406,417-ER18,417-ER18-SBD,100.33,88.16,91971.0,417.0,89.22,38.72,16.7,53.8,29.5,IER1801I7,2.5,7.5,6/28/18,0.97,49.44,0.55,1.11,13.43,0.92,0.08,0.27,0.15
407,418-ER18,418-ER18-SBD,96.77,81.08,91972.0,418.0,82.1,33.02,26.7,45.0,28.3,IER1801I8,2.5,7.5,6/28/18,0.9,48.06,0.53,1.07,17.32,0.83,0.12,0.21,0.13
408,419-ER18,419-ER18-SBD,104.02,87.1,91772.0,419.0,88.4,35.13,29.1,46.4,24.5,IER1801I9,2.5,7.5,6/28/18,0.96,51.97,0.57,1.15,18.68,0.89,0.15,0.23,0.12
409,420-ER18,420-ER18-SBD,97.22,84.15,91973.0,420.0,84.99,34.32,30.6,47.6,21.8,IER1801IA,2.5,7.5,6/28/18,0.93,49.83,0.55,1.07,14.43,0.85,0.14,0.22,0.1
410,421-ER18,421-ER18-SBD,104.26,83.08,91974.0,421.0,83.97,30.25,30.7,50.0,19.2,IER1801IB,2.5,7.5,6/28/18,0.92,52.83,0.58,1.15,23.38,0.84,0.16,0.25,0.1
411,422-ER18,422-ER18-SBD,115.32,96.53,91773.0,422.0,97.1,40.35,26.0,46.7,27.3,IER1801IC,2.5,7.5,6/28/18,1.07,56.18,0.62,1.27,20.74,0.98,0.14,0.25,0.15
412,423-ER18,423-ER18-SBD,122.04,103.49,91975.0,423.0,105.45,30.89,16.8,53.7,29.4,IER1801ID,2.5,7.5,6/28/18,1.14,72.6,0.8,1.35,20.48,1.08,0.12,0.4,0.22
413,424-ER18,424-ER18-SBD,81.8,57.64,91774.0,424.0,58.09,20.45,,,,IER1801IE,2.5,7.5,6/28/18,0.64,37.19,0.41,0.9,26.67,0.55,,,
414,425-ER18,425-ER18-SBD,90.63,79.25,91775.0,425.0,79.64,36.87,,,,IER1801IF,2.5,7.5,6/28/18,0.87,42.38,0.47,1.0,12.56,0.83,,,
415,426-ER18,426-ER18-SBD,156.85,,,,,,,,,IER1801IG,2.5,7.5,6/28/18,,,,1.73,,,,,
416,427-ER18,427-ER18-SBD,127.76,112.02,91776.0,427.0,113.17,50.65,37.2,37.2,25.6,IER1801II,2.5,7.5,6/28/18,1.24,61.37,0.68,1.41,17.37,1.18,0.23,0.23,0.16
417,428-ER18,428-ER18-SBD,93.52,79.44,91777.0,428.0,80.41,30.94,27.6,45.3,27.1,IER1801IJ,2.5,7.5,6/28/18,0.88,48.5,0.54,1.03,15.54,0.8,0.13,0.21,0.12
418,429-ER18,429-ER18-SBD,102.55,88.59,91778.0,429.0,90.0,38.57,28.4,47.7,23.9,IER1801IK,2.5,7.5,6/28/18,0.98,50.02,0.55,1.13,15.41,0.92,0.14,0.24,0.12
419,430-ER18,430-ER18-SBD,118.64,105.18,91779.0,430.0,105.57,49.33,28.8,38.9,32.3,IER1801IL,2.5,7.5,6/28/18,1.16,55.85,0.62,1.31,14.86,1.1,0.16,0.22,0.18
420,432-ER18,431-ER18-SBD,74.92,56.29,91976.0,431.0,57.36,6.12,15.8,63.5,20.7,,,,,0.62,50.17,0.55,0.83,20.57,0.54,0.07,0.3,0.1
421,433-ER18,433-ER18-SBD,104.57,84.4,91977.0,433.0,85.66,36.53,26.9,48.7,24.4,IER1801IN,2.5,7.5,6/28/18,0.93,47.87,0.53,1.15,22.27,0.87,0.13,0.23,0.11
422,434-ER18,434-ER18-SBD,92.42,79.42,91978.0,434.0,80.57,36.6,,,,IER1801IO,2.5,7.5,6/28/18,0.88,42.82,0.47,1.02,14.35,0.82,,,
423,435-ER18,435-ER18-SBD,130.93,117.59,91979.0,435.0,118.26,46.83,26.1,45.9,28.0,IER1801IP,2.5,7.5,6/28/18,1.3,70.76,0.78,1.45,14.73,1.25,0.19,0.34,0.2
424,436-ER18,436-ER18-SBD,103.85,95.5,91780.0,436.0,95.6,49.03,27.2,43.5,29.3,IER1801IQ,2.5,7.5,6/28/18,1.05,46.47,0.51,1.15,9.22,1.02,0.13,0.21,0.14
425,437-ER18,437-ER18-SBD,94.07,,,,,,,,,IER1801IR,2.5,7.5,6/28/18,,,,1.04,,,,,
426,438-ER18,438-ER18-SBD,82.88,49.59,91980.0,438.0,50.9,23.76,,,,IER1801IT,2.5,7.5,6/28/18,0.55,25.83,0.29,0.91,36.75,0.47,,,
427,003-ER18,003-ER18-SBD50,,113.25,,3.0,113.25,4.28,,,,IER18012O,50.0,55.0,7/11/18,1.25,108.98,1.2,,,,,,
428,007-ER18,007-ER18-SBD50,,108.92,,7.0,108.92,8.88,,,,IER18012T,50.0,55.0,7/11/18,1.2,100.05,1.1,,,,,,
429,008-ER18,008-ER18-SBD50a,,110.07,,8.0,110.07,11.28,,,,IER18012V,50.0,55.0,6/19/19,1.22,98.8,1.09,,,,,,
430,008-ER18,008-ER18-SBD50b,,101.25,,8.0,101.25,2.08,,,,IER18012W,50.0,55.0,6/19/19,1.12,99.18,1.09,,,,,,
431,011-ER18,011-ER18-SBD50,,133.46,,11.0,133.46,3.88,,,,IER180130,50.0,55.0,7/6/18,1.47,129.59,1.43,,,,,,
432,012-ER18,012-ER18-SBD50,,116.42,,12.0,116.42,7.88,,,,IER180132,50.0,55.0,7/6/18,1.29,108.55,1.2,,,,,,
433,013-ER18,013-ER18-SBD50,,130.07,,13.0,130.07,19.08,,,,IER180134,50.0,55.0,7/6/18,1.44,111.0,1.23,,,,,,
434,014-ER18,014-ER18-SBD50,,135.14,,14.0,135.14,21.28,,,,IER180136,50.0,55.0,7/6/18,1.49,113.87,1.26,,,,,,
435,016-ER18,016-ER18-SBD50,,130.69,,16.0,130.69,14.88,,,,IER180139,50.0,55.0,7/6/18,1.44,115.82,1.28,,,,,,
436,018-ER18,018-ER18-SBD50,,135.35,,18.0,135.35,17.68,,,,IER18013C,50.0,55.0,7/6/18,1.49,117.68,1.3,,,,,,
437,022-ER18,022-ER18-SBD50,,119.56,,22.0,119.56,32.08,,,,IER18013G,50.0,55.0,7/11/18,1.32,87.49,0.97,,,,,,
438,024-ER18,024-ER18-SBD50,,96.47,,24.0,96.47,0.0,,,,IER18013J,50.0,55.0,7/11/18,1.06,96.47,1.06,,,,,,
439,027-ER18,027-ER18-SBD50,,107.82,,27.0,107.82,14.28,,,,IER18013M,50.0,55.0,7/11/18,1.19,93.55,1.03,,,,,,
440,033-ER18,033-ER18-SBD50,,119.24,,33.0,119.24,14.08,,,,IER18013T,50.0,55.0,7/6/18,1.32,105.17,1.16,,,,,,
441,034-ER18,034-ER18-SBD50,,139.78,,34.0,139.78,25.48,,,,IER18013V,50.0,55.0,7/6/18,1.54,114.31,1.26,,,,,,
442,035-ER18,035-ER18-SBD50,,118.04,,35.0,118.04,14.08,,,,IER18013X,50.0,55.0,7/6/18,1.3,103.97,1.15,,,,,,
443,036-ER18,036-ER18-SBD50,,123.15,,36.0,123.15,11.08,,,,IER18013Z,50.0,55.0,9/24/18,1.36,112.08,1.24,,,,,,
444,037-ER18,037-ER18-SBD50,,120.51,,37.0,120.51,24.68,,,,IER180141,50.0,55.0,7/6/18,1.33,95.84,1.06,,,,,,
445,038-ER18,038-ER18-SBD50,,124.63,,38.0,124.63,20.08,,,,IER180143,50.0,55.0,7/6/18,1.38,104.56,1.15,,,,,,
446,039-ER18,039-ER18-SBD50,,107.76,,39.0,107.76,8.28,,,,IER180145,50.0,55.0,7/6/18,1.19,99.49,1.1,,,,,,
447,040-ER18,040-ER18-SBD50,,111.68,,40.0,111.68,18.28,,,,IER180147,50.0,55.0,7/6/18,1.23,93.41,1.03,,,,,,
448,044-ER18,044-ER18-SBD50,,107.53,,44.0,107.53,3.68,,,,IER18014C,50.0,55.0,7/6/18,1.19,103.86,1.15,,,,,,
449,045-ER18,045-ER18-SBD50,,109.49,,45.0,109.49,3.08,,,,IER18014E,50.0,55.0,9/24/18,1.21,106.42,1.17,,,,,,
450,046-ER18,046-ER18-SBD50,,112.82,,46.0,112.82,3.68,,,,IER18014G,50.0,55.0,9/24/18,1.25,109.15,1.2,,,,,,
451,047-ER18,047-ER18-SBD50,,100.02,,47.0,100.02,7.48,,,,IER18014I,50.0,55.0,7/6/18,1.1,92.55,1.02,,,,,,
452,051-ER18,051-ER18-SBD50,,116.74,,51.0,116.74,9.48,,,,IER18014N,50.0,55.0,9/24/18,1.29,107.27,1.18,,,,,,
453,053-ER18,053-ER18-SBD50,,110.3,,53.0,110.3,4.48,,,,IER18014Q,50.0,55.0,9/24/18,1.22,105.83,1.17,,,,,,
454,054-ER18,054-ER18-SBD50,,118.15,,54.0,118.15,7.48,,,,IER18014S,50.0,55.0,7/6/18,1.3,110.68,1.22,,,,,,
455,055-ER18,055-ER18-SBD50,,110.29,,55.0,110.29,0.0,,,,IER18014U,50.0,55.0,7/6/18,1.22,110.29,1.22,,,,,,
456,057-ER18,057-ER18-SBD50,,115.93,,57.0,115.93,15.08,,,,IER18014X,50.0,55.0,7/6/18,1.28,100.86,1.11,,,,,,
457,058-ER18,058-ER18-SBD50,,141.69,,58.0,141.69,33.28,,,,IER18014Z,50.0,55.0,7/6/18,1.56,108.42,1.2,,,,,,
458,059-ER18,059-ER18-SBD50,,114.02,,59.0,114.02,0.0,,,,IER180151,50.0,55.0,7/6/18,1.26,114.02,1.26,,,,,,
459,061-ER18,061-ER18-SBD50,,128.94,,61.0,128.94,20.28,,,,IER180154,50.0,55.0,7/6/18,1.42,108.67,1.2,,,,,,
460,063-ER18,063-ER18-SBD50,,136.66,,63.0,136.66,51.88,,,,IER180157,50.0,55.0,9/24/18,1.51,84.79,0.94,,,,,,
461,065-ER18,065-ER18-SBD50,,127.92,,65.0,127.92,18.28,,,,IER18015A,50.0,55.0,7/18/18,1.41,109.65,1.21,,,,,,
462,067-ER18,067-ER18-SBD50a,,108.53,,67.0,108.53,19.68,,,,IER18015D,50.0,55.0,7/18/18,1.2,88.86,0.98,,,,,,
463,067-ER18,067-ER18-SBD50b,,138.19,,67.0,138.19,36.88,,,,IER18015E,50.0,55.0,7/18/18,1.53,101.32,1.12,,,,,,
464,072-ER18,072-ER18-SBD50,,130.04,,72.0,130.04,40.28,,,,IER18015K,50.0,55.0,7/26/18,1.44,89.77,0.99,,,,,,
465,076-ER18,076-ER18-SBD50,,117.57,,76.0,117.57,34.28,,,,IER18015P,50.0,55.0,7/26/18,1.3,83.3,0.92,,,,,,
466,077-ER18,077-ER18-SBD50,,126.36,,77.0,126.36,14.48,,,,IER18015R,50.0,55.0,7/26/18,1.39,111.89,1.24,,,,,,
467,079-ER18,079-ER18-SBD50,,118.32,,79.0,118.32,23.48,,,,IER18015U,50.0,55.0,7/26/18,1.31,94.85,1.05,,,,,,
468,080-ER18,080-ER18-SBD50,,109.66,,80.0,109.66,21.48,,,,IER18015W,50.0,55.0,7/26/18,1.21,88.19,0.97,,,,,,
469,081-ER18,081-ER18-SBD50,,172.21,,81.0,172.21,20.68,,,,IER18015Y,50.0,55.0,7/26/18,1.9,151.54,1.67,,,,,,
470,085-ER18,085-ER18-SBD50,,103.06,,85.0,103.06,25.88,,,,IER180163,50.0,55.0,7/26/18,1.14,77.19,0.85,,,,,,
471,087-ER18,087-ER18-SBD50,,128.28,,87.0,128.28,60.08,,,,IER180166,50.0,55.0,7/26/18,1.42,68.21,0.75,,,,,,
472,088-ER18,088-ER18-SBD50,,141.4,,88.0,141.4,0.0,,,,IER180168,50.0,55.0,7/26/18,1.56,141.4,1.56,,,,,,
473,090-ER18,090-ER18-SBD50,,139.73,,90.0,139.73,29.48,,,,IER18016B,50.0,55.0,7/26/18,1.54,110.26,1.22,,,,,,
474,091-ER18,091-ER18-SBD50,,123.76,,91.0,123.76,20.48,,,,IER18016D,50.0,55.0,7/26/18,1.37,103.29,1.14,,,,,,
475,093-ER18,093-ER18-SBD50,,129.9,,93.0,129.9,16.88,,,,IER18016G,50.0,55.0,7/26/18,1.43,113.03,1.25,,,,,,
476,096-ER18,096-ER18-SBD50,,137.83,,96.0,137.83,69.48,,,,IER18016K,50.0,55.0,7/18/18,1.52,68.36,0.75,,,,,,
477,097-ER18,097-ER18-SBD50,,121.64,,97.0,121.64,29.88,,,,IER18016M,50.0,55.0,7/18/18,1.34,91.77,1.01,,,,,,
478,098-ER18,098-ER18-SBD50,,127.31,,98.0,127.31,24.88,,,,IER18016O,50.0,55.0,7/11/18,1.41,102.44,1.13,,,,,,
479,102-ER18,102-ER18-SBD50,,140.93,,102.0,140.93,32.28,,,,IER18016T,50.0,55.0,7/26/18,1.56,108.66,1.2,,,,,,
480,103-ER18,103-ER18-SBD50,,140.39,,103.0,140.39,26.48,,,,IER18016V,50.0,55.0,7/26/18,1.55,113.92,1.26,,,,,,
481,104-ER18,104-ER18-SBD50,,93.94,,104.0,93.94,47.08,,,,IER18016X,50.0,55.0,7/19/18,1.04,46.87,0.52,,,,,,
482,106-ER18,106-ER18-SBD50,,127.71,,106.0,127.71,3.68,,,,IER180170,50.0,55.0,9/23/18,1.41,124.04,1.37,,,,,,
483,107-ER18,107-ER18-SBD50,,120.27,,107.0,120.27,2.48,,,,IER180172,50.0,55.0,7/19/18,1.33,117.8,1.3,,,,,,
484,108-ER18,108-ER18-SBD50,,118.37,,108.0,118.37,1.88,,,,IER180174,50.0,55.0,7/19/18,1.31,116.5,1.29,,,,,,
485,112-ER18,112-ER18-SBD50,,99.55,,112.0,99.55,3.28,,,,IER180179,50.0,55.0,7/19/18,1.1,96.28,1.06,,,,,,
486,113-ER18,113-ER18-SBD50,,93.95,,113.0,93.95,1.08,,,,IER18017B,50.0,55.0,7/19/18,1.04,92.88,1.03,,,,,,
487,114-ER18,114-ER18-SBD50,,131.05,,114.0,131.05,20.68,,,,IER18017D,50.0,55.0,7/9/18,1.45,110.38,1.22,,,,,,
488,120-ER18,120-ER18-SBD50,,123.81,,120.0,123.81,11.68,,,,IER18017K,50.0,55.0,9/25/18,1.37,112.14,1.24,,,,,,
489,130-ER18,130-ER18-SBD50,,143.99,,130.0,143.99,0.0,,,,IER18017R,50.0,55.0,9/24/18,1.59,143.99,1.59,,,,,,
490,133-ER18,133-ER18-SBD50,,114.34,,133.0,114.34,0.0,,,,IER18017V,50.0,55.0,9/24/18,1.26,114.34,1.26,,,,,,
491,134-ER18,134-ER18-SBD50,,118.36,,134.0,118.36,0.88,,,,IER18017X,50.0,55.0,9/24/18,1.31,117.49,1.3,,,,,,
492,135-ER18,135-ER18-SBD50,,125.58,,135.0,125.58,0.0,,,,IER18017Z,50.0,55.0,9/24/18,1.39,125.58,1.39,,,,,,
493,140-ER18,140-ER18-SBD50,,61.3,,140.0,61.3,0.0,,,,IER180185,50.0,55.0,9/24/18,0.68,61.3,0.68,,,,,,
494,141-ER18,141-ER18-SBD50,,104.97,,141.0,104.97,0.0,,,,IER180187,50.0,55.0,9/24/18,1.16,104.97,1.16,,,,,,
495,143-ER18,143-ER18-SBD50,,137.48,,143.0,137.48,0.0,,,,IER18018A,50.0,55.0,9/24/18,1.52,137.48,1.52,,,,,,
496,145-ER18,145-ER18-SBD50,,125.29,,145.0,125.29,8.88,,,,IER18018D,50.0,55.0,7/9/18,1.38,116.42,1.29,,,,,,
497,146-ER18,146-ER18-SBD50,,126.35,,146.0,126.35,13.88,,,,IER18018F,50.0,55.0,7/9/18,1.39,112.48,1.24,,,,,,
498,147-ER18,147-ER18-SBD50,,109.55,,147.0,109.55,13.68,,,,IER18018H,50.0,55.0,7/9/18,1.21,95.88,1.06,,,,,,
499,151-ER18,151-ER18-SBD50,,117.74,,151.0,117.74,7.28,,,,IER18018M,50.0,55.0,7/9/18,1.3,110.47,1.22,,,,,,
500,152-ER18,152-ER18-SBD50,,113.84,,152.0,113.84,2.48,,,,IER18018O,50.0,55.0,7/19/18,1.26,111.37,1.23,,,,,,
501,153-ER18,153-ER18-SBD50,,105.76,,153.0,105.76,2.88,,,,IER18018Q,50.0,55.0,7/9/18,1.17,102.89,1.14,,,,,,
502,155-ER18,155-ER18-SBD50,,113.11,,155.0,113.11,6.08,,,,IER18018T,50.0,55.0,7/9/18,1.25,107.04,1.18,,,,,,
503,163-ER18,163-ER18-SBD50,,106.11,,163.0,106.11,8.68,,,,IER180192,50.0,55.0,9/25/18,1.17,97.44,1.08,,,,,,
504,173-ER18,173-ER18-SBD50,,128.5,,173.0,128.5,22.28,,,,IER18019D,50.0,55.0,9/24/18,1.42,106.23,1.17,,,,,,
505,176-ER18,176-ER18-SBD50,,128.6,,176.0,128.6,29.28,,,,IER18019H,50.0,55.0,9/24/18,1.42,99.33,1.1,,,,,,
506,180-ER18,180-ER18-SBD50,,132.54,,180.0,132.54,14.48,,,,IER18019M,50.0,55.0,9/24/18,1.46,118.07,1.3,,,,,,
507,182-ER18,182-ER18-SBD50,,95.12,,182.0,95.12,14.88,,,,IER18019P,50.0,55.0,9/24/18,1.05,80.25,0.89,,,,,,
508,190-ER18,190-ER18-SBD50,,118.09,,190.0,118.09,0.0,,,,IER18019Y,50.0,55.0,9/20/18,1.3,118.09,1.3,,,,,,
509,194-ER18,194-ER18-SBD50,,130.14,,194.0,130.14,10.68,,,,IER1801A3,50.0,55.0,9/20/18,1.44,119.47,1.32,,,,,,
510,195-ER18,195-ER18-SBD50,,77.83,,195.0,77.83,0.0,,,,IER1801A5,50.0,55.0,9/20/18,0.86,77.83,0.86,,,,,,
511,196-ER18,196-ER18-SBD50,,137.33,,196.0,137.33,40.28,,,,IER1801A7,50.0,55.0,9/20/18,1.52,97.06,1.07,,,,,,
512,204-ER18,204-ER18-SBD50,,95.53,,204.0,95.53,0.0,,,,IER1801AG,50.0,55.0,9/20/18,1.05,95.53,1.05,,,,,,
513,215-ER18,215-ER18-SBD50,,120.13,,215.0,120.13,0.0,,,,IER1801AS,50.0,55.0,9/20/18,1.33,120.13,1.33,,,,,,
514,223-ER18,223-ER18-SBD50,,144.19,,223.0,144.19,12.08,,,,IER1801B1,50.0,55.0,9/19/18,1.59,132.12,1.46,,,,,,
515,224-ER18,224-ER18-SBD50,,146.91,,224.0,146.91,33.88,,,,IER1801B3,50.0,55.0,9/19/18,1.62,113.04,1.25,,,,,,
516,225-ER18,225-ER18-SBD50,,138.39,,225.0,138.39,17.88,,,,IER1801B5,50.0,55.0,9/19/18,1.53,120.52,1.33,,,,,,
517,226-ER18,226-ER18-SBD50,,134.53,,226.0,134.53,30.48,,,,IER1801B7,50.0,55.0,9/19/18,1.49,104.06,1.15,,,,,,
518,227-ER18,227-ER18-SBD50,,149.11,,227.0,149.11,30.88,,,,IER1801B9,50.0,55.0,9/19/18,1.65,118.24,1.31,,,,,,
519,233-ER18,233-ER18-SBD50,,141.51,,233.0,141.51,31.48,,,,IER1801BH,50.0,55.0,9/19/18,1.56,110.04,1.21,,,,,,
520,229-ER18,229-ER18-SBD50,,145.2,,229.0,145.2,57.68,,,,IER1801BC,50.0,55.0,9/19/18,1.6,87.53,0.97,,,,,,
521,234-ER18,234-ER18-SBD50,,153.63,,234.0,153.63,53.88,,,,IER1801BJ,50.0,55.0,9/19/18,1.7,99.76,1.1,,,,,,
522,235-ER18,235-ER18-SBD50,,147.31,,235.0,147.31,41.88,,,,IER1801BL,50.0,55.0,9/19/18,1.63,105.44,1.16,,,,,,
523,236-ER18,236-ER18-SBD50,,111.92,,236.0,111.92,14.68,,,,IER1801BN,50.0,55.0,9/19/18,1.24,97.25,1.07,,,,,,
524,237-ER18,237-ER18-SBD50,,122.41,,237.0,122.41,24.68,,,,IER1801BP,50.0,55.0,9/19/18,1.35,97.74,1.08,,,,,,
525,238-ER18,238-ER18-SBD50,,124.39,,238.0,124.39,25.68,,,,IER1801BR,50.0,55.0,9/19/18,1.37,98.72,1.09,,,,,,
526,239-ER18,239-ER18-SBD50,,141.58,,239.0,141.58,20.28,,,,IER1801BT,50.0,55.0,9/19/18,1.56,121.31,1.34,,,,,,
527,242-ER18,242-ER18-SBD50,,135.02,,242.0,135.02,28.48,,,,IER1801BX,50.0,55.0,9/19/18,1.49,106.55,1.18,,,,,,
528,246-ER18,246-ER18-SBD50,,125.38,,246.0,125.38,3.48,,,,IER1801C2,50.0,55.0,9/19/18,1.38,121.91,1.35,,,,,,
529,249-ER18,249-ER18-SBD50,,147.22,,249.0,147.22,32.68,,,,IER1801C6,50.0,55.0,9/19/18,1.63,114.55,1.26,,,,,,
530,258-ER18,258-ER18-SBD50,,124.64,,258.0,124.64,25.88,,,,IER1801CG,50.0,55.0,9/19/18,1.38,98.77,1.09,,,,,,
531,259-ER18,259-ER18-SBD50,,134.24,,259.0,134.24,0.0,,,,IER1801CI,50.0,55.0,7/20/18,1.48,134.24,1.48,,,,,,
532,260-ER18,260-ER18-SBD50,,134.37,,260.0,134.37,0.0,,,,IER1801CK,50.0,55.0,7/20/18,1.48,134.37,1.48,,,,,,
533,266-ER18,266-ER18-SBD50,,134.05,,266.0,134.05,25.68,,,,IER1801CQ,50.0,55.0,9/23/18,1.48,108.38,1.2,,,,,,
534,268-ER18,268-ER18-SBD50,,134.67,,268.0,134.67,35.88,,,,IER1801CT,50.0,55.0,9/23/18,1.49,98.8,1.09,,,,,,
535,269-ER18,269-ER18-SBD50,,118.79,,269.0,118.79,8.08,,,,IER1801CV,50.0,55.0,9/17/18,1.31,110.72,1.22,,,,,,
536,270-ER18,270-ER18-SBD50,,115.76,,270.0,115.76,2.48,,,,IER1801CX,50.0,55.0,7/20/18,1.28,113.29,1.25,,,,,,
537,271-ER18,271-ER18-SBD50,,128.59,,271.0,128.59,36.68,,,,IER1801CZ,50.0,55.0,9/17/18,1.42,91.92,1.01,,,,,,
538,272-ER18,272-ER18-SBD50,,122.03,,272.0,122.03,17.08,,,,IER1801D1,50.0,55.0,9/17/18,1.35,104.96,1.16,,,,,,
539,273-ER18,273-ER18-SBD50,,123.72,,273.0,123.72,6.28,,,,IER1801D3,50.0,55.0,9/17/18,1.37,117.45,1.3,,,,,,
540,274-ER18,274-ER18-SBD50,,119.49,,274.0,119.49,13.88,,,,IER1801D5,50.0,55.0,9/17/18,1.32,105.62,1.17,,,,,,
541,277-ER18,277-ER18-SBD50,,104.9,,277.0,104.9,7.08,,,,IER1801DA,50.0,55.0,9/17/18,1.16,97.83,1.08,,,,,,
542,278-ER18,278-ER18-SBD50,,121.48,,278.0,121.48,21.08,,,,IER1801DC,50.0,55.0,9/17/18,1.34,100.41,1.11,,,,,,
543,291-ER18,291-ER18-SBD50,,99.93,,291.0,99.93,4.68,,,,IER1801DU,50.0,55.0,9/17/18,1.1,95.26,1.05,,,,,,
544,280-ER18,280-ER18-SBD50,,125.34,,280.0,125.34,14.08,,,,IER1801DF,50.0,55.0,9/17/18,1.38,111.27,1.23,,,,,,
545,282-ER18,282-ER18-SBD50,,118.26,,282.0,118.26,0.0,,,,IER1801DI,50.0,55.0,9/17/18,1.31,118.26,1.31,,,,,,
546,284-ER18,284-ER18-SBD50,,108.95,,284.0,108.95,29.28,,,,IER1801DL,50.0,55.0,9/23/18,1.2,79.68,0.88,,,,,,
547,290-ER18,290-ER18-SBD50,,124.21,,290.0,124.21,59.48,,,,IER1801DS,50.0,55.0,9/17/18,1.37,64.74,0.71,,,,,,
548,300-ER18,300-ER18-SBD50,,32.25,,300.0,32.25,0.0,,,,IER1801E4,50.0,55.0,9/20/18,0.36,32.25,0.36,,,,,,
549,309-ER18,309-ER18-SBD50,,66.95,,309.0,66.95,0.08,,,,IER1801EC,50.0,55.0,9/23/18,0.74,66.88,0.74,,,,,,
550,310-ER18,310-ER18-SBD50,,80.73,,310.0,80.73,0.0,,,,IER1801EE,50.0,55.0,9/20/18,0.89,80.73,0.89,,,,,,
551,311-ER18,311-ER18-SBD50,,78.33,,311.0,78.33,0.0,,,,IER1801EG,50.0,55.0,9/20/18,0.86,78.33,0.86,,,,,,
552,312-ER18,312-ER18-SBD50,,140.01,,312.0,140.01,63.08,,,,IER1801EI,50.0,55.0,9/23/18,1.55,76.94,0.85,,,,,,
553,314-ER18,314-ER18-SBD50,,83.84,,314.0,83.84,0.0,,,,IER1801EL,50.0,55.0,9/20/18,0.93,83.84,0.93,,,,,,
554,315-ER18,315-ER18-SBD50,,65.69,,315.0,65.69,0.0,,,,IER1801EN,50.0,55.0,9/20/18,0.73,65.69,0.73,,,,,,
555,316-ER18,316-ER18-SBD50,,86.04,,316.0,86.04,0.0,,,,IER1801EP,50.0,55.0,9/23/18,0.95,86.04,0.95,,,,,,
556,317-ER18,317-ER18-SBD50,,91.7,,317.0,91.7,0.0,,,,IER1801ER,50.0,55.0,9/23/18,1.01,91.7,1.01,,,,,,
557,318-ER18,318-ER18-SBD50,,74.22,,318.0,74.22,0.0,,,,IER1801ET,50.0,55.0,9/20/18,0.82,74.22,0.82,,,,,,
558,320-ER18,320-ER18-SBD50,,125.27,,320.0,125.27,39.88,,,,IER1801EW,50.0,55.0,9/21/18,1.38,85.4,0.94,,,,,,
559,322-ER18,322-ER18-SBD50,,120.97,,322.0,120.97,37.68,,,,IER1801EZ,50.0,55.0,9/21/18,1.34,83.3,0.92,,,,,,
560,327-ER18,327-ER18-SBD50,,93.07,,327.0,93.07,21.08,,,,IER1801F5,50.0,55.0,7/11/18,1.03,72.0,0.79,,,,,,
561,329-ER18,329-ER18-SBD50,,105.61,,329.0,105.61,43.08,,,,IER1801F8,50.0,55.0,9/21/18,1.17,62.54,0.69,,,,,,
562,330-ER18,330-ER18-SBD50,,146.83,,330.0,146.83,51.68,,,,IER1801FA,50.0,55.0,9/21/18,1.62,95.16,1.05,,,,,,
563,332-ER18,332-ER18-SBD50,,152.89,,332.0,152.89,64.48,,,,IER1801FD,50.0,55.0,9/21/18,1.69,88.42,0.98,,,,,,
564,334-ER18,334-ER18-SBD50,,124.86,,334.0,124.86,40.88,,,,IER1801FG,50.0,55.0,7/22/18,1.38,83.99,0.93,,,,,,
565,336-ER18,336-ER18-SBD50,,125.83,,336.0,125.83,57.68,,,,IER1801FJ,50.0,55.0,7/22/18,1.39,68.16,0.75,,,,,,
566,337-ER18,337-ER18-SBD50,,117.69,,337.0,117.69,26.88,,,,IER1801FL,50.0,55.0,7/22/18,1.3,90.82,1.0,,,,,,
567,338-ER18,338-ER18-SBD50,,113.77,,338.0,113.77,67.48,,,,IER1801FN,50.0,55.0,7/22/18,1.26,46.3,0.51,,,,,,
568,340-ER18,340-ER18-SBD50,,111.35,,340.0,111.35,28.28,,,,IER1801FQ,50.0,55.0,7/22/18,1.23,83.08,0.92,,,,,,
569,346-ER18,346-ER18-SBD50,,100.93,,346.0,100.93,18.08,,,,IER1801FX,50.0,55.0,7/22/18,1.11,82.86,0.91,,,,,,
570,348-ER18,348-ER18-SBD50,,127.97,,348.0,127.97,42.08,,,,IER1801G0,50.0,55.0,9/21/18,1.41,85.9,0.95,,,,,,
571,356-ER18,356-ER18-SBD50,,127.44,,356.0,127.44,30.88,,,,IER1801G9,50.0,55.0,9/21/18,1.41,96.57,1.07,,,,,,
572,275-ER18,275-ER18-SBD50,,97.59,,275.0,97.59,9.68,,,,IER1801D7,50.0,55.0,9/17/18,1.08,87.92,0.97,,,,,,
573,362-ER18,362-ER18-SBD50,,140.39,,362.0,140.39,42.68,,,,IER1801GG,50.0,55.0,9/21/18,1.55,97.72,1.08,,,,,,
574,363-ER18,363-ER18-SBD50,,115.83,,363.0,115.83,42.28,,,,IER1801GI,50.0,55.0,9/21/18,1.28,73.56,0.81,,,,,,
575,364-ER18,364-ER18-SBD50,,124.79,,364.0,124.79,19.28,,,,IER1801GK,50.0,55.0,7/21/18,1.38,105.52,1.16,,,,,,
576,365-ER18,365-ER18-SBD50,,142.96,,365.0,142.96,36.28,,,,IER1801GM,50.0,55.0,7/21/18,1.58,106.69,1.18,,,,,,
577,373-ER18,373-ER18-SBD50,,36.23,,373.0,36.23,0.0,,,,IER1801GV,50.0,55.0,9/13/18,0.4,36.23,0.4,,,,,,
578,378-ER18,378-ER18-SBD50,,107.57,,378.0,107.57,20.28,,,,IER1801H1,50.0,55.0,9/13/18,1.19,87.3,0.96,,,,,,
579,380-ER18,380-ER18-SBD50,,105.64,,380.0,105.64,9.08,,,,IER1801H4,50.0,55.0,9/13/18,1.17,96.57,1.07,,,,,,
580,393-ER18,393-ER18-SBD50,,104.2,,393.0,104.2,26.28,,,,IER1801HI,50.0,55.0,9/13/18,1.15,77.93,0.86,,,,,,
581,408-ER18,408-ER18-SBD50,,106.03,,408.0,106.03,49.28,,,,IER1801HX,50.0,55.0,9/21/18,1.17,56.76,0.63,,,,,,
582,413-ER18,413-ER18-SBD50,,138.56,,413.0,138.56,103.08,,,,IER1801I3,50.0,55.0,9/21/18,1.53,35.49,0.39,,,,,,
583,426-ER18,426-ER18-SBD50,,147.74,,426.0,147.74,113.68,,,,IER1801IH,50.0,55.0,9/21/18,1.63,34.07,0.38,,,,,,
584,437-ER18,437-ER18-SBD50,,61.19,,437.0,61.19,29.68,,,,IER1801IS,50.0,55.0,9/21/18,0.68,31.52,0.35,,,,,,
585,455-ER18,455-ER18-SBD50,,69.17,,455.0,69.17,0.0,,,,IER1801IU,50.0,55.0,9/23/18,0.76,69.17,0.76,,,,,,
